8,9;13
5,2;6,9
10,1;15,3
13,7;24,7
13,2;23,7
4,2;3,45
6,00;4,95
6,6;4,95
4,1;2,5
5,2;3,7
5,6;3,1
4,4;4,35
6,5;4,2
5,4;4,65
4,2;2,6
4,3;3,3
6,00;6,45
7,3;10,2
6,00;6,2
9,1;8,45
6,2;4,45
7,00;7,1
7,7;7,6
6,2;6,3
7,7;8,3
6,3;11,15
5,8;3,5
5,6;2,85
5,00;3,95
6,8;4,15
5,6;3,8
5,5;3,5
5,00;5,4
5,1;4,8
7,5;13,8
6,1;3,35
6,00;3,9
5,5;3
4,8;3,6
5,16;2,95
5,00;3,3
5,00;3,3
5,1;3,1
5,00;3,1
5,00;3,4
4,3;2,65
4,9;3,75
4,8;3,2
4,1;2,8
4,5;2,55
4,7;2,6
6,5;5,35
6,4;5,75
6,9;5,4
6,9;6,35
7,2;5,05
6,9;6,05
7,3;6,55
6,6;6,75
7,5;6,95
8,2;7,6
8,9;8,6
5,6;4,65
5,00;2,9
7,2;6,7
7,4;3,95
6,6;4,1
7,3;5,3
7,6;6,2
5,2;2,7
7,9;6,35
7,7;6,05
7,2;5,8
5,4;2,65
5,4;2,75
7,4;5,9
5,5;4,1
7,9;5,1
7,2;6,15
7,1;6,75
7,2;4,8
6,00;3,95
5,1;3,2
5,00;2,75
6,7;4,6
5,8;5,75
6,99;6,95
5,3;2,8
5,65;3,2
6,57;5,7
5,1;2,7
6,00;2,85
5,7;3,5
5,7;5,1
6,7;5,05
6,7;4,35
5,8;3
6,8;5,4
5,9;3,75
5,7;3,9
6,00;3,95
6,2;4,25
6,2;4,4
5,2;2,95
5,2;4,3
5,2;3
9,7;15,65
7,72;9,35
5,7;4,1
4,45;3,4
6,3;6,1
3,8;3,4
3,8;3,3
6,7;4,3
5,2;3,45
6,7;4,4
5,8;3,9
6,4;3,9
6,5;4,75
5,1;2,7
6,4;5,3
6,3;4,2
5,9;3,75
6,2;4,35
4,9;2,7
4,5;2,9
6,00;3,85
6,00;4,35
6,1;5,7
5,8;3,4
4,8;2,6
6,1;3,95
5,3;3,65
7,3;6,45
5,8;4,4
6,8;7,1
7,4;6,8
6,00;3,85
5,9;3
7,00;4,2
7,00;5,4
5,00;3,95
4,6;3,4
6,1;5,55
5,1;2,7
7,2;5,9
6,6;5,7
5,5;4,65
6,2;5,85
6,2;4,1
6,3;5,25
6,6;5,2
6,5;4,95
5,9;5
7,00;5,55
6,4;3,05
5,6;4,45
7,1;4,65
6,2;5,45
6,6;5,75
6,1;5,45
8,00;6,85
6,1;7,05
7,00;2,6
5,6;3,8
5,4;2,9
4,7;3
5,2;4,55
5,8;5,2
4,3;4
5,3;2,7
5,00;3,6
4,8;4,35
5,3;4,2
5,88;4,95
5,5;3,95
5,8;6,15
5,9;5,15
5,6;3,7
9,1;6,45
5,4;5,95
5,4;5,1
8,7;7,65
8,5;7,45
7,2;7,65
3,00;4,3
8,3;4,45
8,5;8,2
5,3;2,75
7,9;7,2
5,00;2,85
5,00;2,7
6,39;4,55
6,39;3
6,98;5,15
7,5;3,45
7,00;3,3
7,2;5,25
8,2;6,2
7,68;5,25
7,7;6,75
5,1;2,95
7,1;3,7
7,6;5,65
8,00;4,85
7,8;6
5,3;3
6,8;5,05
6,00;6,8
7,1;6,7
8,1;6,15
4,1;2,9
8,1;4,75
6,2;3,3
6,1;3,8
8,7;8,9
9,3;8,1
4,6;2,9
5,6;3,25
8,9;5,3
8,3;7
8,1;4,75
8,7;5,6
9,5;6,5
9,1;5,25
8,2;6,8
8,9;8,25
9,1;6,7
9,00;6,4
8,3;6,5
7,6;4,35
6,7;4,75
7,9;3,8
7,4;4,8
8,3;5,15
6,3;3,15
8,5;8,25
8,02;5,75
8,7;3,7
7,2;7,2
7,2;6,25
7,2;6,95
6,3;4
8,5;6,35
8,2;6,4
8,7;6,6
9,1;6,35
7,1;6,1
8,6;9,7
7,00;3,35
8,5;16,6
7,4;5,1
7,5;5,35
4,1;6,9
7,9;4,1
8,1;5,45
7,00;2,7
8,5;5,2
7,5;3,5
8,9;6,35
9,1;4,5
8,3;4,8
9,5;5,55
6,4;3,45
7,9;4,35
9,1;6,7
10,1;6,45
9,1;5,25
9,3;6,7
9,3;5,9
8,4;4,65
8,4;5,65
9,1;5,1
8,2;5,85
7,9;5,3
7,4;4,85
9,2;6,7
7,7;6,35
9,1;5,2
7,9;5,05
6,1;5,5
6,3;5,35
6,1;3,3
6,8;4,5
5,6;3,35
6,7;4,1
7,2;4,4
6,4;4,15
5,8;2,8
7,7;3,95
6,8;4,65
7,00;3,4
6,8;4,05
7,7;4,75
7,2;5,9
5,7;2,5
7,1;4,7
7,2;3,8
5,4;2,8
5,4;2,85
5,9;2,8
5,7;4,2
5,6;4,2
5,2;3,25
7,00;6,05
7,2;6,85
6,7;4,3
6,4;4,8
7,4;7,35
5,6;3,4
5,9;3,4
5,4;3,2
6,00;3,65
6,00;5,45
4,56;3,2
4,5;3,5
5,5;4,5
9,8;19,9
8,2;10,05
5,00;3,6
8,7;16,3
12,2;26,3
4,4;5,85
9,3;6,9
4,5;3,2
4,5;3,9
4,8;3,75
7,6;13,8
7,00;5,45
4,8;2,9
5,4;3,3
5,00;3,6
4,8;3,4
5,1;3,55
5,5;3,45
4,6;2,8
7,5;12,85
5,1;3,05
5,3;2,85
5,3;2,95
4,9;2,9
5,3;2,7
7,2;4,55
6,6;5,35
6,2;4,25
6,3;3,95
5,6;4,05
5,6;3,9
5,1;3,05
6,3;4,2
5,3;3,05
6,3;3,7
5,8;3,7
4,8;3,05
6,2;3,4
6,2;3,65
6,3;3,9
6,7;4,1
5,1;2,55
7,1;5,4
5,3;2,5
7,00;5,35
5,8;3,2
6,7;4,55
5,2;2,65
5,8;3,2
5,7;6,6
6,3;3,95
5,7;3,05
3,9;2,7
7,1;4,8
5,8;3,55
5,00;3
4,1;2,7
6,7;5,25
4,7;3,45
5,7;3,2
6,4;3,25
6,1;3,2
6,6;5,3
5,9;3,65
5,6;2,65
6,4;4,25
6,1;3,2
6,2;4
6,6;3,55
6,2;5,55
5,5;2,65
4,9;2,8
5,5;2,75
5,27;3,2
5,6;3,9
5,3;2,9
4,1;2,5
6,2;4,4
4,9;3,15
5,6;3,55
5,8;5
6,6;4,9
6,8;4,5
7,1;4,7
4,3;3,8
4,6;3,2
5,7;2,6
5,4;2,75
6,00;4,1
5,6;3,1
6,00;3,35
4,9;2,7
5,7;3,45
5,4;3,25
5,1;3,2
9,5;10,2
5,7;3,1
4,7;2,5
7,3;5,75
6,7;5
6,1;5,95
7,2;5,9
6,7;4,05
6,7;4,95
6,4;5,55
6,00;5
5,9;4,2
6,5;4,25
6,5;4,6
6,7;5,55
6,3;4,85
3,9;3,9
3,5;2,8
5,8;3,2
5,9;2,65
5,9;2,95
6,00;3,7
5,5;2,85
4,00;3,3
7,00;4,9
6,7;5
6,6;4,75
8,7;5
5,8;3,55
5,4;3,3
7,2;7,1
7,7;8,05
7,2;3,75
7,1;3,3
7,6;3,65
7,7;5,15
7,3;5,95
7,7;4,75
7,2;5,4
7,7;5,35
7,1;4,1
7,00;5,25
8,3;4,85
9,00;5,85
9,2;6,6
8,5;5,35
8,2;4,1
8,3;4,55
8,5;4,75
8,7;4,75
8,2;6,6
8,5;5,45
5,3;3
6,9;4,1
9,2;3,85
7,7;4,75
9,1;5,4
9,5;4,85
7,8;6,05
8,3;6,6
9,3;6,8
6,9;3,45
5,5;3,1
7,9;4,55
7,00;5,4
6,5;5,1
7,7;5,9
8,1;6,4
6,9;4,45
7,00;5,6
4,7;2,7
6,9;5,3
7,00;4,4
6,5;4,75
7,6;4,8
7,4;5,15
6,00;4,25
5,9;4,3
7,1;5
6,4;4
6,8;6,3
5,3;3,85
8,2;5,15
7,6;4,65
7,7;4,55
7,9;5,4
7,7;5,65
7,48;5,4
7,00;5,45
8,7;5,65
7,9;6,15
7,2;5,4
7,5;3,8
6,9;3,8
8,2;2,65
6,3;3,85
7,3;5,55
6,00;5,65
7,7;6
7,9;5,45
7,7;4,25
7,7;4,35
7,9;5,2
5,6;2,75
8,00;5,45
8,3;4,5
7,3;4,1
6,6;3,75
5,4;2,65
7,2;6,15
7,00;4,65
7,5;5,25
7,7;8,45
7,5;5,9
7,2;2,45
7,2;5,65
7,5;3
5,3;2,75
6,2;5,8
4,9;2,85
5,8;4,35
8,6;5,7
8,4;6
8,5;5,9
8,4;4,15
8,9;4,7
7,8;2,8
7,9;3,4
7,5;4,85
8,00;4,6
8,5;5,25
7,7;4,05
7,2;6
13,2;21,9
5,3;3,55
4,6;3,35
5,7;3,15
5,4;3,15
5,4;3,75
6,2;6,6
5,8;8,05
4,4;7,9
6,1;3,95
6,3;3,7
12,7;29,75
7,9;17,1
6,9;4,95
8,7;9,4
6,5;6,55
6,00;2,8
6,00;3,5
5,6;2,85
6,3;4,55
5,3;2,9
5,5;3,55
5,6;3,95
6,1;3,65
5,8;3,65
6,1;3,4
5,4;2,95
5,4;2,75
5,6;3,15
5,4;4,85
5,6;3,45
6,4;4,3
5,3;2,95
5,7;5
6,1;4,25
5,7;3,45
6,3;3,9
6,7;5,35
5,4;3,05
5,4;3,5
5,8;3,75
5,3;3,4
4,3;3,35
5,00;3,25
5,6;3,05
4,6;3,1
5,6;5,1
4,7;3,45
5,3;3,35
6,2;5
5,2;3,4
4,2;2,65
6,3;3,45
7,00;4,7
5,7;3,1
6,7;4,5
4,5;2,8
6,1;3,95
6,1;4,75
5,2;3,7
5,2;2,95
5,2;2,7
5,6;3,5
6,00;4,05
5,5;3,1
6,3;3,75
5,1;3
4,9;3,15
7,9;8,35
5,8;3,1
6,3;3,1
4,5;3,25
7,2;3,15
7,46;10,45
6,78;3,95
7,6;3,55
7,4;3,95
7,3;4,4
6,2;4,45
4,7;2,9
8,3;6,4
7,00;5,7
8,5;6,65
7,00;6,9
7,5;5,05
9,3;6,45
6,00;3,05
5,6;3
6,00;3,95
5,7;3,15
6,3;3,7
8,7;5,4
6,2;3
5,1;2,9
6,00;2,6
9,3;5,55
8,4;4,8
8,5;3,9
8,1;3,65
9,5;5
8,1;4,5
8,7;4,2
7,7;4
6,5;3,05
9,5;5,15
8,9;5
8,4;5
8,00;3,4
8,5;4,5
7,4;3,7
7,7;3,55
8,3;5,45
8,7;4,65
8,3;4,7
6,9;3,05
8,2;4,15
6,7;3,35
7,7;4
6,7;3,45
8,7;4,85
8,5;5,15
7,1;2,75
6,1;6
8,7;5,9
8,4;4,2
8,1;3,5
7,9;3,4
6,7;3,15
7,9;3,7
7,7;3,6
7,9;4,15
8,9;5,7
7,1;3,55
7,2;3,6
7,7;3,5
6,5;2,8
7,9;4,2
7,2;3,25
7,9;4
7,5;3,5
7,9;5,1
7,7;3,7
8,3;4,2
7,2;3,7
7,9;3,9
9,1;5,55
8,9;5,15
8,7;5,5
9,3;6,15
8,7;6,4
6,7;4
8,5;4,8
8,7;4,3
8,3;4,5
8,7;5,5
8,7;4,9
8,4;5,35
8,1;4,1
8,4;3,95
8,5;4,7
6,00;3,15
8,2;4,3
8,7;4,7
7,3;3,4
8,2;3,85
8,7;3,7
7,9;3,7
8,7;4,2
8,1;3,4
7,7;3,9
8,3;3,75
7,8;3,75
8,3;5,05
8,5;5,85
9,1;5,2
8,7;6,5
8,1;6,65
8,7;4,75
9,1;4,5
9,1;6,05
6,4;2,75
7,6;3,7
8,9;3,7
8,9;4,05
7,9;4,05
8,3;6,25
7,5;3,3
8,5;4,9
7,9;4,3
8,3;4,4
7,00;2,7
9,3;4,4
6,4;3,05
7,5;2,95
7,9;2,5
7,1;3,6
7,3;2,8
7,2;2,95
7,9;3,5
6,9;2,9
6,9;3,1
6,2;2,85
8,3;3,7
7,00;2,9
6,7;2,55
7,2;3,2
7,7;3,45
6,5;2,95
8,2;4,55
7,2;3
8,2;4,1
7,2;5,5
8,5;5,6
8,2;5,1
5,2;7,6
4,2;5,2
10,2;6,1
8,5;6,6
6,00;8,05
10,9;5,8
5,2;3,25
10,3;7,9
9,9;7,95
8,7;7,55
7,7;6,3
9,1;4,85
10,3;7,85
10,7;7,3
10,2;6,9
6,7;5,3
6,1;3,2
10,7;6,35
10,5;7,45
6,7;3,2
5,7;2,7
6,3;5,75
9,5;6,5
9,5;7,2
9,7;8,05
8,1;4,9
9,3;5,7
6,3;3,05
10,3;7,3
7,7;4,2
6,00;3
8,9;4,8
9,7;6,35
9,7;4,9
10,3;5,9
10,44;5,9
8,1;3,6
9,1;4,75
7,9;4,1
9,5;5,75
8,2;3,55
8,7;4,2
9,9;6,35
10,3;7,1
10,7;7,45
8,3;5,05
9,3;6,5
6,6;4,9
7,18;4,3
6,00;3,45
8,7;5,4
10,5;6,7
8,7;4,9
7,00;4,1
10,00;6,2
10,00;6,4
9,86;6,3
7,11;4,7
5,1;3,3
5,7;3,9
9,1;6,2
9,1;6,55
9,1;8,1
8,7;4,45
7,00;4,7
8,7;4,95
8,7;6,65
8,7;8,05
8,7;8,05
8,7;6,95
8,7;8,15
11,1;7,95
10,7;7,15
10,8;5
8,3;3,2
9,9;5,5
7,2;4,3
7,9;6,6
8,3;4,8
8,3;5,2
12,2;8,9
10,7;6,9
8,1;4,85
11,2;7
10,1;6,75
9,7;6,15
8,7;5
11,1;6,7
10,9;7,1
8,9;3,9
8,4;4
8,1;4,65
10,3;7,15
10,5;6,8
10,5;6,65
8,2;4,55
9,3;7,1
8,1;4,5
10,7;7,1
9,7;6,7
10,64;4,65
10,64;7,1
11,1;7,2
6,3;6
8,1;7,9
6,4;5,15
7,3;4,5
8,00;10,25
7,1;5,95
14,7;32,05
8,5;7,2
9,2;9,8
13,7;29,7
4,1;2,75
5,4;4,7
4,3;2,9
5,2;3,3
7,00;6
5,6;6,6
9,3;10,65
10,4;21,7
10,00;10,75
4,4;3,65
3,6;3,05
5,3;4,2
7,8;10,1
6,00;3,85
5,9;3
10,2;8,4
13,7;14,65
5,2;3,6
3,8;7,2
10,00;8,8
11,2;18,5
15,2;13,65
3,8;4,45
8,1;4,25
7,2;5,1
12,7;12,1
7,7;8,15
6,7;5,05
7,2;5,2
10,3;7,3
5,7;4,55
7,5;4,8
9,9;7,85
6,5;4,35
3,5;5,1
5,1;2,95
4,5;3,65
4,7;4,35
5,1;6,6
10,1;11,1
4,9;5,2
8,5;5,3
13,7;19,15
7,9;11,7
6,9;5,25
10,7;7,5
12,3;12,3
7,4;5,2
4,3;3,35
2,7;3,5
6,6;4,25
15,7;21,15
5,2;2,65
9,7;6,5
4,1;2,75
15,7;16,65
4,8;5,2
7,2;4,35
9,7;10,45
8,2;4,45
15,7;21,35
7,1;4,85
6,3;3,9
5,6;4,8
4,6;3,4
7,1;5,3
4,6;3,75
7,2;4,2
6,00;4
12,7;13,7
5,7;3,3
7,7;5,1
11,6;10
8,1;4,95
10,2;11,7
11,9;7,4
4,2;3,2
11,2;10,5
7,1;5,45
12,4;13,5
5,5;5,35
12,4;15,75
7,3;8,15
9,7;9,1
6,7;4,45
12,2;7,45
8,7;5,05
3,8;3,35
5,3;4,55
11,6;4,65
4,6;4,6
7,5;5,15
9,9;7,05
8,3;5,6
5,3;3,85
3,9;3,65
10,00;13,25
6,4;7,7
9,7;7,35
8,9;5,8
7,7;4,75
8,9;7,75
3,8;2,2
8,1;5,95
7,3;5,35
9,00;8,5
11,2;9,5
11,5;8,05
8,4;4,95
7,9;9,3
9,7;7,45
10,7;6,4
9,3;6,2
13,7;17,6
8,6;7,3
6,2;7,55
10,9;8,9
3,9;6,2
8,5;4,3
5,3;3,6
9,3;10,8
6,3;3,5
14,7;12,15
10,7;8,2
6,3;3,65
7,3;4,35
14,2;20,5
4,5;4,4
11,7;14,9
10,4;16,45
8,1;4
9,2;7,45
10,7;10,45
13,2;28,25
5,7;12,15
4,2;3,9
3,6;3,95
4,7;8,5
18,2;25,3
9,4;13,5
10,1;12
4,2;4,2
11,7;21,75
7,8;11,2
6,00;7,55
17,7;29,5
11,6;15,45
3,7;3,15
4,2;2,95
13,9;19
10,2;15,05
14,2;28,15
4,8;4,65
17,7;27,35
4,4;4,45
6,3;4,25
4,5;4,45
15,7;27,3
16,7;23,05
6,4;3,35
4,6;4,3
8,4;8,55
12,7;25,6
4,9;6,15
5,9;5,75
7,3;6,4
5,4;10,15
17,7;36,6
11,6;14,15
12,7;26,9
4,3;3,1
4,6;6,75
6,3;5
12,7;19
4,6;4
7,2;5,9
4,4;4,1
7,7;13,4
3,7;2,85
4,9;3,85
3,7;2,75
6,5;3,85
13,16;17,1
12,7;20,3
13,7;15,65
9,5;7,1
5,7;14,55
5,7;3,85
6,7;6,5
6,7;5,65
6,7;5,45
3,9;8,1
7,1;9,05
5,1;3,35
4,9;4,7
4,6;3,5
5,4;4,5
6,00;5,1
11,2;8,55
9,1;4,85
3,2;3,45
8,2;5,9
7,9;9,8
3,5;2,95
13,4;14,5
11,7;17,55
11,7;22,85
6,7;5,5
5,4;3,2
4,8;4,1
8,1;7,6
4,7;4,1
4,2;3,8
5,2;5,25
4,00;2,95
7,2;5,8
5,4;2,85
7,00;10,3
6,8;7,6
6,2;6,9
6,00;5,65
5,4;2,9
5,4;6,4
1,6;4,1
5,2;4,15
6,00;7,25
6,8;5,25
4,8;4,3
6,7;9,15
7,5;7,55
7,5;9,55
4,00;7,85
6,4;5,3
7,3;8,05
6,9;7,2
4,2;3,8
7,1;7,25
7,4;7,35
5,1;5,4
7,2;7,15
7,7;7,35
6,39;6,15
4,5;3,5
5,88;5,6
7,9;7
5,3;8,35
7,3;6
7,5;7,65
5,9;4,85
7,4;6,6
3,8;3,8
3,5;2,65
7,7;7,3
6,7;5,85
7,1;6,9
4,1;4,8
6,4;7,15
4,6;3,85
5,6;3,6
4,2;3,15
4,4;3,15
4,9;3,05
4,1;2,5
6,5;7,7
7,2;7,2
7,1;6,1
5,9;4,1
6,7;6,2
7,3;6,1
4,5;4,5
5,9;4,1
7,2;7,4
5,82;10,6
5,82;8,75
8,7;12,6
7,3;7,05
8,43;7,55
7,04;5,15
5,68;5,4
4,43;3,05
3,00;2,9
4,6;4,95
5,84;6,45
7,04;7,25
5,05;5,4
3,7;3,2
5,26;5,25
7,00;7,7
5,64;5
4,53;2,7
5,82;3,8
4,4;5,75
4,4;5,4
5,7;5,9
4,6;4,8
5,4;6,35
6,15;7,55
6,1;7,3
6,7;7,05
4,2;3,2
6,39;4,6
5,2;3,9
5,8;3,3
5,9;3
5,6;2,8
5,5;7,4
6,7;7,65
17,00;20,8
6,00;11,9
4,00;3,6
17,00;32,6
17,00;34,3
17,00;29,9
17,00;36,9
2,00;5,8
15,00;17,5
7,00;6,2
8,00;10,1
17,00;17,9
3,00;4,7
10,00;10,1
15,00;14,9
12,00;9,1
8,00;7,8
12,00;20,7
15,00;23,1
6,00;6,5
15,00;17,6
8,00;7,6
6,00;3,3
7,00;10,1
6,00;4
15,00;22,3
13,00;16,3
12,00;7,7
13,00;20,3
13,00;15,2
12,00;18,1
15,00;19,5
7,00;5,1
11,00;9,2
10,00;7,8
7,00;4,2
9,00;4,7
13,00;10,4
6,00;3,8
12,00;7,6
8,00;5,5
16,00;19,5
12,00;11,4
10,00;10,8
5,00;5,3
9,00;7,9
9,00;14
10,00;6,2
15,00;17,6
11,00;4,2
0,5;6,9
7,00;6,5
10,00;8,3
9,00;9,2
2,00;4,7
10,00;9,9
9,00;2,9
5,00;6,3
5,00;4
16,00;20
8,00;5,5
3,00;2,7
10,00;7,7
6,00;4,2
17,00;22
6,00;4,3
7,00;4,4
7,00;4,3
10,00;17,4
8,00;6,9
15,00;18,7
6,00;3,9
8,00;5,1
12,00;14
4,00;2,6
5,00;3,7
9,00;5,3
11,00;10,4
7,00;4,2
15,00;14,9
5,00;3,6
5,00;4,8
15,00;20
7,00;4,5
6,00;4,1
15,00;11,4
10,00;8,8
4,00;3,4
4,00;5,8
3,00;3,4
16,00;16,3
3,00;3,8
12,00;14,4
10,00;14,4
11,7;17,6
12,7;29,4
12,7;26
11,7;32,5
2,7;3
4,1;4,1
5,2;5,5
9,4;14,5
8,7;13
8,7;10,8
6,4;9,3
8,4;11,6
6,7;7,4
6,00;5,6
7,4;6,7
5,7;6,8
6,4;4,8
8,7;19,3
7,82;6,2
9,4;9,1
7,7;7,7
7,4;5,3
6,00;5,9
9,33;8
5,3;5,8
6,00;5,3
9,33;8
4,7;3,4
6,3;5,6
6,00;8,6
8,00;9,3
8,4;11,6
6,9;11,3
11,7;14,7
7,00;5
9,4;11,56
11,00;12,6
7,1;8,3
7,7;6,9
10,00;13,7
6,2;4,3
8,2;10,7
5,00;6,2
5,1;5,4
5,00;6
5,00;7,2
5,00;4,3
4,1;5,9
6,9;12
3,84;18,1
7,8;16,7
8,31;21,6
3,07;7,5
4,22;3,7
5,15;8,9
4,00;5,2
2,7;4
2,3;3,7
2,00;3,5
2,6;3
2,7;3
1,9;3,5
2,3;2,7
2,8;3,7
1,8;3,5
1,8;2,9
2,3;5
5,2;6,1
6,3;12,9
8,1;18,5
8,74;18
8,24;23,2
3,1;2,5
2,8;4,2
3,77;3,8
3,94;4,4
3,2;4,5
4,3;4
2,5;3,5
3,00;4,3
2,5;3,6
2,5;6,1
19,00;20,8
10,00;12
5,00;3,4
12,00;17,5
17,00;32,5
17,00;34,3
20,00;30,4
18,00;36,5
3,5;5,8
17,00;14,5
17,00;17,5
6,00;9
6,5;6,2
9,00;10
15,00;17,9
11,00;15,1
10,00;9,7
12,00;14,1
13,00;9
9,00;7,8
15,00;20,2
12,00;22,5
7,00;6,5
20,00;17,7
8,00;7,6
6,00;4,5
15,00;22,1
16,00;20,5
18,00;16,3
10,00;6,6
17,5;15,4
21,00;17,9
21,00;19,5
6,00;5,1
6,00;7,8
7,00;4,1
7,00;4,6
12,00;10,1
5,00;3,6
8,00;7,5
8,00;5,4
20,00;17
9,00;11,3
15,00;10,7
7,00;4,5
9,00;7,7
7,00;5,9
20,00;17,2
7,00;4
8,00;6,7
5,00;6,4
7,00;8,3
7,00;8,3
4,00;4,7
13,00;9,5
6,00;4,6
7,00;5,5
18,00;11,5
5,00;3
6,00;6,4
6,00;4
22,00;19,8
6,00;4,5
5,00;4,2
8,00;5,6
15,00;18,8
6,00;4,2
7,00;4,9
12,00;13,4
9,00;10,3
7,00;4,5
6,00;4
7,00;3,3
11,00;12,9
15,00;15,8
12,00;13,6
14,00;25,4
5,94;14,1
8,5;20,2
6,9;17,5
8,08;26,5
4,41;10,3
4,45;8,8
5,88;5,4
3,89;4,3
3,8;4
4,00;5
3,9;5,5
3,89;8,7
3,7;3,3
2,00;2,8
2,6;2,8
2,6;3,1
3,42;3,2
3,77;3,2
4,12;4,2
3,57;3,4
2,84;3,7
4,01;4,1
3,74;4,6
4,26;4,7
2,5;3,1
3,00;2,9
2,5;3,2
3,2;4,2
2,8;2,8
3,00;2,9
3,3;3,5
8,7;23,4
6,00;16,4
4,9;2,7
7,2;4,4
5,1;5,1
7,00;3,6
8,2;4,5
4,7;2,9
5,4;4,5
4,9;4,2
6,3;5,6
5,3;3,7
6,8;4,3
6,5;4,5
6,5;7,4
6,7;5,6
5,7;3,6
6,3;4,7
5,9;4,6
7,11;5,8
4,5;5,6
5,00;6,1
5,1;5,4
5,00;6
5,00;7,1
6,2;9,5
5,2;4,2
6,00;6,3
5,00;7,2
5,00;5,4
16,00;20,8
4,00;3,5
10,00;17,3
17,00;32,3
17,00;34,5
18,00;29,7
18,00;36,5
5,00;5,5
8,00;5,9
14,00;18,6
12,00;14,6
14,00;17,4
7,00;9
7,00;6,2
9,00;10,1
14,00;17,5
12,00;15,2
9,00;9,7
12,00;13,2
12,00;9
8,00;8
15,00;20,1
13,00;22,8
7,00;6,6
15,00;17,4
8,00;7,6
4,5;4,4
10,00;13
14,00;22
15,00;19,2
14,00;16,5
15,00;20
14,00;15
14,00;17,8
17,00;19,5
5,00;5,1
7,00;8
6,00;4,1
14,00;4,8
13,00;11,8
8,00;7
4,00;3,8
8,00;6,3
14,00;16,3
12,00;11,5
12,00;10,7
13,00;8,1
14,00;13
7,00;5,6
14,00;16,6
9,00;3,6
9,00;6,8
8,00;6,4
7,00;8,2
8,00;8,3
6,00;5,4
8,00;9,5
4,00;4,2
4,00;3,5
12,00;10,5
9,00;5,4
12,00;11,5
8,00;6,5
6,00;4
15,00;18,5
12,00;8,5
4,5;4,7
10,00;14,2
4,5;3,6
7,00;4,9
8,00;8,5
9,00;13,4
8,00;10,6
5,00;4,3
5,00;4,1
5,5;3
15,00;15,8
6,00;4,4
10,00;10
5,33;8
8,33;23,2
10,00;19,6
4,67;8,1
11,33;33,5
10,00;16,7
5,00;8,1
4,00;8,6
6,33;6,6
3,83;3,6
4,00;4,7
19,45;7,8
20,03;8,9
5,67;7,5
7,98;8,6
4,00;3,9
3,67;3,2
7,5;7,2
3,67;4,9
9,67;24,2
7,78;8,8
4,83;9,5
4,17;5,1
14,2;6,2
4,33;3,5
14,2;6,3
7,33;12,8
5,33;8,4
6,00;13,4
7,89;10,4
16,2;6,2
6,67;8,6
6,00;8,2
11,00;4,8
8,33;12,9
5,5;9,9
4,00;6,7
6,67;9
7,00;9,6
9,00;23,7
2,1;6,5
5,17;8,3
3,00;4,9
5,99;5,8
5,67;7,7
11,7;3,8
16,44;4,8
15,7;4,4
15,7;6
8,7;4,7
15,2;5,8
13,7;6,7
15,7;4
17,6;4
18,7;4,8
5,86;4,8
19,7;6,7
5,5;3,5
16,00;29,6
11,00;9,2
18,00;36,7
20,00;44,3
20,00;18,2
15,00;15,2
21,00;11
15,00;11
7,00;4,6
7,00;5,1
13,00;12,2
21,00;14,9
12,00;9
10,00;10
10,00;13,8
14,00;15,1
22,00;13,2
22,00;15
17,00;15,8
20,00;18,3
6,00;4,2
10,00;10,6
17,00;14,1
16,00;16,6
9,00;6,8
24,00;14
12,00;6,5
7,00;4,8
26,00;21,5
11,00;10,1
10,00;12,2
9,00;10,6
18,00;11,2
25,00;17
23,00;17
14,00;15,5
6,00;5,8
9,00;4,9
5,00;4,2
10,00;6
10,00;4,2
11,00;10,8
7,00;6,8
6,00;9,3
3,00;3,1
6,00;4,8
8,00;4,3
7,00;3,7
20,00;24,5
19,00;23,8
7,00;4,3
8,00;7,3
11,00;10
8,00;8,9
9,00;8,4
6,00;3,7
25,00;21,5
6,00;3,3
21,00;34,5
10,00;4,4
10,00;4,2
16,00;12,1
9,00;5,2
8,00;4,5
8,00;12,4
7,00;5,7
8,5;4,5
5,00;10,5
20,00;17
80,00;5,2
20,00;16
7,13;21,6
3,83;5,9
4,97;14,7
4,79;4,6
7,13;20,3
5,97;16,3
3,83;2,7
3,83;7,5
18,00;43,3
15,00;29,3
8,00;9,2
18,00;36,1
20,00;41,4
20,00;18
14,00;15,1
21,00;11,9
15,00;11
7,00;4,9
7,00;5,2
15,00;12,1
20,00;14,7
12,00;9
10,00;9,9
12,00;13,5
15,00;17,7
14,00;15,1
22,00;13
22,00;14,9
18,00;15,6
20,00;18,1
6,00;4,2
9,00;10,5
16,00;14
16,00;16,4
1,00;15,1
4,00;12,1
9,00;8,7
8,00;11,8
9,00;6,8
12,00;11,7
22,00;12,7
12,00;6,4
6,00;4,9
26,00;20,3
13,00;16,4
5,00;4,1
12,00;10,2
11,00;11,9
10,00;12
12,00;13,1
9,00;6,5
8,00;10,6
18,00;11
25,00;16,6
23,00;17,5
14,00;15,7
6,00;5,9
8,00;4,8
5,00;4,1
9,00;7,3
1,00;6,8
9,00;5,9
9,00;4
10,00;9,8
12,00;10,8
7,00;6,7
7,00;5,2
9,00;5,1
7,00;3,8
5,00;4,3
3,00;3,2
6,00;4,8
7,00;4,2
6,00;3,7
17,00;24,8
6,00;3,9
18,00;23,7
4,00;2,8
3,00;2,6
4,00;2,7
7,00;3,9
6,00;4,3
8,00;6,7
12,00;10
6,00;3,2
9,00;8,2
8,00;5,9
9,00;8,2
6,00;3,6
25,00;21,2
6,00;3,1
6,00;3,5
4,00;2,8
20,00;34,8
10,00;8,7
6,00;3,7
3,00;3,2
7,00;4,2
5,00;2,9
16,00;11,6
5,00;4,2
10,00;10,9
8,00;5,2
7,00;4,3
8,00;12,1
6,00;5,3
8,00;4,5
5,00;3,3
5,00;9,9
12,00;17,6
2,00;12,8
5,00;12,8
1,5;3,2
12,00;10,4
3,00;4,6
7,00;3,6
6,00;5,8
20,00;17
8,00;5,3
20,00;16
5,00;3,1
10,00;5,6
8,3;6,5
7,6;21
7,2;11,8
5,8;5,2
11,3;22
11,7;27,5
9,6;7
8,4;16
7,5;6,6
7,2;7,8
4,4;4,5
4,9;5,1
5,1;5
9,5;14,5
6,9;7
4,4;3,5
5,1;3,7
4,8;3,4
5,1;4,5
5,2;4,1
4,8;3,2
4,2;2,9
4,3;4,2
3,8;2,5
7,2;4,25
7,2;4,8
5,1;4,2
5,00;3,7
5,7;4,5
5,7;3,5
6,00;4,8
5,7;3,8
6,2;4,2
5,9;4
6,2;3,9
4,5;3,6
6,4;3,9
5,1;3
6,8;5,3
4,9;2,6
7,1;5,5
5,2;3,2
6,3;4,9
4,4;3
5,6;4
5,6;4,4
3,8;2,9
6,9;5,4
6,3;3,9
5,7;3,4
4,8;3
6,3;6,2
6,2;3,6
5,7;3,4
5,5;6
5,5;4,4
5,7;4,3
5,5;3,8
5,3;5,55
5,00;2,7
5,7;3,3
5,4;4,4
5,1;3,2
6,7;5,5
6,2;4,9
5,2;4,6
4,5;3,2
5,4;5,7
5,6;3,3
6,00;4,2
5,8;3,8
4,9;3,1
9,1;18,9
6,9;5,7
6,4;4,8
6,4;6,2
6,7;6,4
5,9;3,5
5,9;4,5
6,5;5,8
6,7;5
6,7;5,3
5,6;4,3
6,5;4,7
6,7;5,7
5,3;4,9
3,6;4
5,2;3,2
6,00;3,1
5,4;2,9
5,4;2,95
5,2;4,2
6,6;5,5
7,2;5,8
8,00;5,9
6,8;6
6,8;5,5
6,8;6,1
6,6;4
6,00;4
6,00;6
7,7;6,7
7,9;4,6
8,5;7,2
8,1;5,8
8,2;7,3
8,3;6,5
8,1;6,5
7,9;6
7,5;6,9
6,7;5,2
7,9;6,4
5,5;3,1
3,8;3,6
8,9;18,6
7,3;13,9
7,8;17,5
1,8;3,9
2,3;3,6
2,5;3,3
5,3;6,4
4,2;10,7
6,2;10,5
3,8;8,5
4,2;2,5
3,7;6,5
3,3;6,9
6,4;8,5
2,00;2,5
2,5;2,7
1,00;3,1
4,1;3
9,35;18,7
6,29;14,2
8,86;19,3
4,86;13,1
5,52;10,4
3,5;7,1
4,9;8,7
2,00;2,6
2,2;2,9
3,3;3,8
3,7;4,7
4,00;2,6
12,00;29,5
8,00;9,2
17,00;36,1
20,00;41,4
19,00;17,8
14,00;15
21,00;11,1
15,00;10,8
7,00;4,8
7,00;5
15,00;12,1
18,00;33,5
20,00;14,4
10,00;9
9,00;9,9
11,00;14,4
15,00;17,6
12,00;14,8
22,00;13,1
22,00;15
17,00;15,7
20,00;18,2
6,00;4,1
9,00;10,6
15,00;13,9
15,00;16,2
11,00;15,5
11,00;12,3
6,00;8,9
9,00;12,1
7,00;7,4
13,00;11,6
20,00;12,8
12,00;10,5
26,00;20
12,00;16,3
5,00;4
11,00;10,7
10,00;11,8
8,00;11,5
11,00;13,3
9,00;6,5
7,00;10,5
18,00;11,3
25,00;16,5
23,00;17,3
13,00;15,3
4,00;5,8
7,5;4,8
7,00;3,9
9,00;7,3
9,00;7
7,00;5,1
8,00;4,2
12,00;10,3
12,00;10,9
5,00;6,7
7,00;5,3
9,00;5,1
7,00;4
5,00;4,3
5,00;3,1
5,00;4,8
6,00;4,2
6,00;4,3
15,00;23,6
18,00;23,3
4,5;3,5
6,00;4,3
8,00;6,8
18,00;18,6
10,00;8,2
11,00;10,9
5,00;7,3
7,00;8,6
7,00;6
8,5;8,3
6,00;3,5
25,00;21,1
6,5;3
3,00;3,5
5,00;3,8
7,00;4,5
5,00;3,4
10,00;9,9
11,00;18,2
8,00;12,7
10,00;13,2
5,00;3,8
5,00;3,3
4,00;4,4
12,00;10
7,5;5,4
4,00;3,2
3,86;4,5
3,72;2,6
3,84;2,9
3,3;2,5
3,2;2,7
3,8;3,1
3,3;2,6
4,93;8,7
3,00;2,8
3,7;3,2
4,2;3,5
4,2;3,1
4,2;3,2
4,25;3,8
4,2;2,8
3,85;2,5
4,1;2,7
3,9;3,3
3,9;2,8
3,85;2,9
2,5;2,7
4,00;3,5
4,2;3,2
4,1;2,7
4,1;3
3,00;2,5
3,00;2,5
3,00;4,6
3,2;4,4
2,2;2,7
3,9;3,2
3,8;3
3,5;2,6
2,2;2,7
4,2;3,1
4,2;2,6
4,25;3,2
4,53;2,9
4,3;3,2
3,8;2,8
3,8;3,3
3,79;3,1
2,9;2,7
3,66;3
2,9;2,8
4,00;2,7
3,9;2,9
3,9;3,3
4,3;3
4,2;3,2
3,9;2,8
3,2;2,8
3,2;2,5
3,9;2,9
4,1;2,8
4,1;2,7
4,2;2,7
4,05;2,5
3,2;2,8
2,9;3,2
3,44;3,1
3,3;2,5
3,55;2,5
3,55;2,6
3,66;3,5
3,8;3,6
2,3;3,2
3,43;2,6
4,13;3,5
4,25;3,6
3,43;3,5
4,1;3,2
3,74;3,9
2,73;4,1
4,18;3,5
3,82;3,7
4,05;3,3
4,3;3,6
4,25;3,9
4,4;2,7
3,9;3,5
4,6;4,1
3,7;3,6
7,7;3,8
4,2;3,1
4,00;2,8
3,2;3,2
3,55;3,8
4,00;3,7
4,00;3
4,25;3,1
4,15;3,2
4,12;2,7
4,12;3,2
3,84;3,2
3,88;3,3
4,3;4,4
3,9;2,5
2,15;3
3,88;3,6
3,57;4,8
3,7;2,7
3,2;2,7
3,5;2,7
3,2;2,8
3,2;3
3,00;3,2
3,94;3,3
4,3;9,8
3,66;4,5
4,00;4,3
3,9;4
10,00;27,2
7,17;6,2
32,7;27,8
4,00;6,9
3,33;4,1
7,00;22,2
5,67;10
10,67;33,6
8,33;21,8
4,67;5,3
3,87;3,5
3,00;4,2
5,5;7,1
19,5;8,9
20,7;10,7
27,7;14,4
7,67;14,8
3,00;3,3
5,67;10,8
4,17;4
4,17;4,6
7,00;17,8
6,17;12,9
9,67;12,7
3,4;10,7
9,67;16
6,03;19,3
4,67;8
8,00;21
3,87;3,9
16,7;5,2
19,2;10,3
4,33;5
12,7;3,8
8,33;10,5
6,00;7,8
34,7;10,9
8,00;9,6
25,7;7,5
23,2;10,4
6,67;7,5
5,67;8,6
8,33;12,9
10,67;16,4
13,7;7,3
8,67;9,7
26,7;15,6
24,00;30
21,00;33,5
25,00;28,1
15,00;13,3
11,00;11,5
15,00;18,4
23,00;37,4
12,00;13,5
24,00;27,7
7,00;5,9
15,00;14,7
20,00;24
13,00;13,2
20,00;19,6
7,00;8,9
8,00;8,6
11,00;10,4
19,00;10,4
7,00;3,6
8,00;5,1
6,5;2,6
26,00;32,6
8,00;5
26,00;30,3
7,00;4,9
7,00;3,8
6,00;4,4
16,00;15
16,00;12,9
16,00;13,5
12,00;9,3
19,00;20,4
15,00;8,6
12,00;7
7,00;3,9
11,00;9,5
2,5;2,6
3,5;4,7
6,89;17,9
5,68;16,4
5,00;12
5,11;12,3
3,44;3,1
2,85;2,6
4,5;2,5
6,00;2,8
3,6;2,6
4,00;2,6
4,41;3,1
3,94;2,5
3,71;3,1
3,51;2,5
3,2;2,5
3,59;2,8
3,64;2,7
3,94;2,7
3,42;3,12
4,00;2,7
2,62;2,6
3,82;2,6
3,78;3,3
3,82;2,4
3,82;3,3
3,76;3,3
3,63;2,9
3,82;2,8
3,82;2,9
4,00;2,8
4,12;2,6
4,2;2,8
4,5;2,8
4,00;2,6
4,00;2,8
5,7;3,5
4,1;2,7
3,8;2,8
4,00;2,8
4,1;3
4,1;3
4,1;3
5,9;2,6
5,8;3
6,00;3,4
5,9;3,8
4,12;3,4
4,18;2,8
3,91;2,8
4,2;2,8
8,7;5,8
6,5;3,9
7,00;3,2
9,00;13
8,2;6,3
6,7;7,3
8,5;5,4
10,00;6,1
10,7;5,6
11,7;5,6
12,7;7,2
9,00;5,1
11,00;5,5
10,00;18,3
12,00;30
4,3;3,6
4,06;4,4
5,05;4,4
4,9;3,7
4,81;3,5
4,7;4,7
4,86;3,6
5,03;3,4
3,84;3
5,2;4
5,06;3,6
5,16;4
4,2;3,2
4,35;4
4,9;2,6
4,56;2,8
4,4;2,5
4,76;4,4
4,43;2,6
4,6;3,3
4,25;3,5
4,35;3,1
5,03;3,9
4,08;2,8
4,45;3
4,32;2,9
4,1;3,4
4,66;7,2
4,35;3,5
4,53;6,4
3,66;4,6
3,55;3,7
3,9;3
3,00;3,5
3,1;2,7
3,43;4,2
4,35;3
4,5;2,7
4,91;4,3
4,96;3,5
4,05;3,5
3,36;4,2
4,9;3,5
4,9;4,5
5,06;4
5,06;3,9
5,32;3,5
4,8;3
5,16;3,7
5,37;4,8
4,45;2,6
4,25;2,7
4,72;3,2
4,66;3,1
4,51;3,7
4,85;4
4,17;2,8
4,56;2,6
4,9;3,2
4,2;2,7
5,01;3,4
4,76;3,9
4,86;3,4
4,95;3,5
4,8;3,4
4,5;2,5
4,9;2,9
4,96;3,3
5,1;3,6
4,35;2,7
4,35;2,8
4,18;3,3
4,75;3,9
4,41;4,7
3,74;2,7
4,56;2,2
4,38;2,8
4,1;2,7
3,95;2,6
4,45;3,4
4,4;3,6
4,6;3,2
4,75;2,9
5,3;3,6
4,8;3,9
4,96;3,6
3,84;3,2
3,7;3,2
3,7;2,5
4,18;2,9
3,7;4
4,54;4
3,5;3,1
4,35;3,2
4,00;3,5
5,08;4,1
4,95;4,8
4,32;3,2
4,9;5
4,37;3,6
5,52;4
4,96;3,4
4,95;3,3
4,63;2,6
4,8;3,4
4,8;3
5,2;4,1
4,00;2,9
4,4;3,1
5,05;4,2
4,74;3,6
4,37;3
4,67;4,3
4,21;4
4,47;3,4
3,94;2,7
4,99;3,7
4,53;3,5
4,84;2,8
4,15;2,7
4,35;3,2
4,75;4,2
4,53;4,8
4,95;4,5
5,11;3,5
4,71;4,1
3,94;3,1
4,92;4,4
5,3;4,7
5,08;2,5
5,31;4,2
5,73;4,9
3,07;5,8
4,82;3,7
4,00;3,3
9,00;6,2
12,00;14,1
3,00;2,9
7,00;6,7
6,00;5,3
6,00;12,4
8,00;3,5
20,00;25,3
10,00;6,2
15,00;16,3
8,00;8,7
12,00;10,5
15,00;21,9
9,00;9,5
10,00;8,4
7,00;7,4
5,00;4,6
11,00;8,4
5,00;7,1
7,00;7
20,00;15,9
14,00;11,8
20,00;12,8
25,00;29,7
21,00;32,9
25,00;27,4
15,00;13,3
11,00;12,9
15,00;18,3
6,00;3,4
22,00;36,8
12,00;13,5
25,00;27,6
6,00;5,9
6,00;4,6
15,00;18,5
20,00;23,9
14,00;13,1
20,00;19,6
8,00;8,9
7,00;8,6
11,00;10
18,00;12
7,00;3,6
8,00;5
6,00;2,6
3,00;4,6
25,00;29,5
8,00;4,9
25,00;30
7,00;4,8
8,00;3,7
6,00;4,5
15,00;14,9
15,00;12,9
16,00;13,4
12,00;8,9
18,00;20,3
15,00;8,5
12,00;6,9
5,00;4,1
12,00;9,5
2,00;2,6
3,1;8,5
5,00;13,8
5,3;10,5
3,2;11
6,5;11,8
2,5;2,9
3,5;3,5
3,6;3,6
2,5;2,8
6,7;15,5
6,09;13,5
5,08;14
4,8;12,3
5,67;11,9
2,7;3
3,6;5,1
3,6;5,2
23,00;30,1
4,00;3,1
20,00;33
18,00;26,8
8,00;5,2
15,00;13,2
10,00;11,2
15,00;18,4
4,5;3,5
22,00;36,7
12,00;13,9
20,00;27,4
6,5;6,6
6,00;4,6
12,00;15,6
10,00;14
18,00;23,7
12,00;13
7,00;6,8
6,5;5,3
9,00;12,3
20,00;18,4
20,00;26
12,00;7,2
22,00;15,8
15,00;16,7
16,00;15,9
8,5;6,6
18,00;11,3
13,00;10,8
20,00;19,4
7,00;8,9
8,00;8,4
10,00;9,9
16,00;12,3
8,00;4,6
23,00;29,2
7,00;4,8
20,00;30,2
7,00;4,6
8,00;4
8,00;4,4
12,00;15
15,00;13,8
16,00;13,4
11,00;9
18,00;20
9,00;9
9,00;7
6,00;4,3
18,00;24,9
8,00;6,2
14,00;16,1
6,00;9,5
10,00;10,6
14,00;21,8
9,00;10,2
10,00;8,4
8,00;5,4
9,00;7,5
10,00;8,5
3,00;4,9
20,00;17,7
10,00;12
9,00;3,9
13,00;11,8
19,00;13,2
16,00;16,6
18,00;14,2
8,00;5,4
7,00;6,3
4,00;3,5
25,00;23,7
7,5;4,7
16,00;10,4
10,00;8,8
16,00;15,2
14,00;15,5
20,00;25,2
5,00;3,3
18,00;31,5
8,00;10,8
12,00;9,4
11,00;8
6,00;7
8,00;7
20,00;16,2
13,00;11,6
6,00;2,8
19,00;12,7
18,00;14,6
7,5;3,9
4,5;3,8
11,00;9,8
4,00;3,1
18,00;11,8
9,00;5,7
4,00;3,1
5,00;3,3
8,00;3,1
3,00;3,6
4,00;2,8
6,00;3,1
6,00;3,1
4,5;3,9
6,00;4,8
6,00;3,5
20,00;19,2
12,00;7,3
6,00;4,7
22,00;16,1
15,00;17,3
17,00;15,9
8,00;6,7
18,00;11,5
14,00;10,6
3,00;3,8
3,00;8,8
1,5;4,9
20,00;17,8
11,00;12,3
8,00;3,9
14,00;12
20,00;13,5
16,00;16,5
19,00;14,2
8,00;5,5
7,00;6,6
3,00;3,5
2,5;5,5
9,00;6,2
8,00;4,7
16,00;10,5
16,00;15
15,00;15,1
20,00;25,2
19,00;31,6
19,00;14,6
7,00;3,8
11,00;9,8
4,00;3,1
25,00;23,4
18,00;12
5,00;3,3
3,5;2,6
3,2;2,5
3,4;2,5
3,2;2,6
4,32;4,1
4,35;7
4,1;6,7
4,72;3,5
4,51;3
5,15;4,5
4,26;3
2,2;3,6
4,18;6
5,7;6,4
3,00;5,2
4,23;4,8
4,76;6,4
3,75;4,4
4,57;7
3,94;6,5
4,15;3,1
10,1;23,3
6,3;5
5,00;4,1
5,4;3,1
6,00;3,3
5,1;4,2
7,21;6,8
6,00;8,8
10,7;30,3
7,9;18
7,7;6,9
6,3;4,5
6,2;4,2
6,2;4,9
6,7;5,6
6,2;4,7
6,9;5,4
6,5;4,4
6,1;4
7,00;3,4
7,1;3,7
8,3;6,4
7,4;3,5
8,5;6,6
8,5;5,2
6,5;2,9
6,3;3,1
8,3;5,7
7,7;4,7
7,4;5,3
8,2;5,2
9,1;7,3
7,7;4,3
8,1;5,3
7,7;4,8
9,00;6,9
10,2;16,6
9,7;8,8
7,1;5
8,7;7
7,2;4,4
6,7;4,8
9,3;7,2
7,9;7
7,5;4,7
9,5;7,9
14,00;29,7
13,00;32,8
5,00;4,7
10,00;26,7
4,00;4,4
4,5;4,8
14,00;12,8
6,00;11,2
14,00;18,4
4,5;3,5
13,00;36,5
6,00;13,5
10,00;27,3
4,5;6,1
4,5;4,8
14,00;14,4
12,00;14
14,00;23,5
12,00;12,8
7,00;6,8
6,00;5
8,00;12,5
12,00;17,8
14,00;24,5
12,00;15,4
12,00;15,3
14,00;15,6
14,00;6,5
12,00;10,9
14,00;10,5
14,00;18,8
6,00;8,1
5,5;9,7
6,00;12
6,00;8,8
5,00;4,6
12,00;29,6
14,00;28,1
4,00;4,4
4,5;3,9
4,5;4,3
13,00;15,2
13,00;12,5
13,00;13,1
8,00;9
14,00;20,2
10,00;8,6
7,00;7
12,00;24,5
10,00;6,1
12,00;16
4,5;9,3
12,00;21,8
6,00;9,6
8,00;6,9
8,00;8,1
6,00;5,6
8,00;7,4
14,00;12
8,00;8,4
3,5;4,8
14,00;17,1
10,00;11,7
8,00;3,8
13,00;11,7
12,00;12,9
11,00;16,6
12,00;14,3
12,00;14
6,00;5,3
6,00;6,1
4,5;3,3
6,00;5,3
14,00;23,2
10,00;7
8,00;4,5
13,00;9,9
9,00;8,6
12,00;15
12,00;16,3
15,00;25,1
4,5;4,3
14,00;21,5
12,00;11,8
10,00;9,4
8,00;7,3
7,00;7
8,00;7,3
14,00;15,1
8,5;11,4
4,00;2,6
4,5;3,5
5,00;3,8
7,00;9,8
4,5;3,1
14,00;15,3
4,00;3
14,00;3
4,5;3,1
4,00;2
6,7;11,1
12,00;38,2
6,33;9,4
6,4;11,6
10,67;34
3,83;6,3
8,7;6,8
17,6;12
4,7;7
10,7;20,3
5,00;10,9
4,7;5,9
10,00;10,3
11,67;18,7
8,1;6,6
13,49;18,3
12,33;24
2,83;5,2
3,1;6,8
5,3;9,8
3,33;10
2,77;7,4
9,7;7,6
12,00;17,2
4,8;7
8,7;8
4,7;8,4
6,5;12
4,7;10,7
2,9;6
4,7;8,8
8,7;14
5,67;12,7
4,5;11,4
7,7;9,8
7,00;13,6
11,7;5,7
7,9;7,2
6,8;6,4
8,3;8,6
6,1;4,6
5,1;3,2
6,4;4,1
5,9;2,9
5,1;3,1
11,7;18,5
4,6;3
4,6;2,7
7,2;5,5
4,7;2,5
7,00;4,6
6,2;4,3
8,7;9,6
2,4;3,4
4,4;2,8
5,9;4,1
11,7;20,2
7,2;4,5
5,9;3,8
6,2;3,3
4,6;3,2
6,9;4,8
3,4;3,8
4,4;3
6,1;4,6
5,1;3,9
7,5;4,6
6,5;4,8
4,6;3,7
6,3;3,8
7,9;13,3
3,7;3,3
6,6;4,4
4,9;2,9
6,9;4,6
7,6;8,4
6,3;5,1
8,7;6,1
8,7;8,4
7,8;5,3
6,6;2,8
7,2;8,1
6,3;4,3
7,1;5,4
8,5;7,3
6,5;4,5
7,2;6,6
6,00;4,3
4,9;4,3
5,6;7,5
6,7;4,1
4,5;2,6
4,7;2,9
4,7;2,7
7,7;9,3
4,8;3,3
5,9;4
7,2;4,7
6,5;5,1
5,8;2,9
4,1;3,2
5,9;4,8
5,7;4,3
6,3;4,4
5,9;3,7
5,5;3,9
5,5;4,7
5,1;3,8
5,4;3,2
6,00;5,6
6,4;4
7,1;5,5
6,3;5,7
4,9;4,8
7,4;6,7
7,7;8,2
7,2;6,3
4,00;4,6
6,1;7,6
7,4;6,2
7,4;8,4
6,8;6
5,4;4
11,8;15,1
5,4;5,9
5,6;4,3
6,6;6,4
4,7;7,2
8,6;6,9
6,4;5,8
4,7;3,7
3,4;4,2
4,2;3,4
7,3;8,5
6,4;10,9
3,3;4,2
3,7;2,7
4,9;3
5,1;4,4
4,9;4,2
3,16;4,1
5,00;3,2
4,5;2,5
9,6;8,4
5,1;6,6
4,6;3
6,00;4,8
9,5;16,1
3,5;2,6
3,8;4,5
4,9;2,9
6,3;11,8
6,7;14,2
5,3;3,8
6,4;5,5
6,1;3,3
7,1;6,3
3,5;2,9
10,00;12,5
12,00;13,4
13,00;19,3
18,00;42,5
16,00;14,8
20,00;21,8
13,00;12,2
15,00;12
18,00;28,8
23,00;34
13,00;9
8,00;6,8
14,00;38,6
14,00;11,3
15,00;12,8
14,00;11,4
14,00;8,6
8,00;5,2
7,00;5,7
13,00;28
6,00;3,9
8,00;3
7,00;4
8,00;4,5
9,00;3,2
7,00;2,5
5,00;2,6
8,00;3,2
5,00;2,6
12,00;12
18,00;15,2
22,00;26,7
9,00;7,8
11,00;6,2
13,00;14,2
12,00;18
12,00;15,7
18,00;12,7
16,00;13
18,00;16
5,00;9,1
18,00;17,4
7,00;9,5
3,5;6,3
4,00;9,3
13,00;11,8
8,00;6,2
11,00;9,9
12,00;8
10,00;11,8
9,00;4,8
10,00;8,9
10,00;4,7
9,00;7,2
11,00;7,7
10,00;6,7
12,00;13,5
12,00;8,7
20,00;14
10,00;8,2
8,00;5,8
3,00;5,2
16,00;21,8
10,00;10,1
16,00;11,1
11,00;9
16,00;14,7
8,00;3,8
15,00;11,7
12,00;9,1
9,00;5,1
5,00;6,1
9,00;5,4
1,5;10,7
18,00;15,8
10,00;5,7
10,00;8,7
18,00;10,2
17,00;12,2
16,00;9,9
10,00;4,2
18,00;10
10,00;4,3
15,00;14,7
12,00;9
13,00;11
10,00;4,2
12,00;4,8
8,00;3,2
10,00;6,3
17,00;19,8
4,00;6
7,00;4,8
14,00;13,1
11,00;5,5
10,00;5,8
10,00;2,8
18,00;13,3
20,00;17,7
20,00;15,1
20,00;22,1
14,00;10,4
20,00;10,8
12,00;10
16,00;15,5
7,00;5,1
10,00;8,1
10,00;5,9
12,00;9,5
9,00;4,5
9,00;4,4
9,00;3,2
5,00;3,4
7,00;4,3
10,00;5,3
10,00;10
12,00;16,5
9,00;6
10,00;11,8
10,00;8,3
10,00;9,6
9,00;5,7
1,5;7,4
6,00;8,1
2,00;3,9
8,00;3,8
10,00;7,8
6,00;3,3
7,00;3,4
3,00;3,1
8,2;5,2
7,1;5,1
10,3;7
6,6;4
6,24;2,7
6,12;3,3
4,5;2,7
5,3;2,5
11,7;17,9
7,6;4,6
10,5;15,1
6,9;3,9
6,00;3,5
8,4;8,3
2,7;3,4
4,8;2,7
6,03;3,5
9,1;8,7
12,00;18,6
6,1;3,9
6,6;3,2
5,6;3,1
5,6;3,1
6,3;4,1
3,7;2,7
4,4;2,7
6,1;4,1
4,8;3,5
7,3;4
7,4;4,2
5,2;3
5,5;3,2
8,9;13,5
4,8;3
4,3;2,6
4,4;3,2
6,6;3,7
5,2;2,8
7,5;4,1
7,3;8,1
5,6;3,5
7,7;7,6
6,4;4,8
5,8;2,7
7,2;6,6
7,2;4,4
8,7;9
6,1;3,7
4,6;5,2
7,1;5
7,3;4,3
7,1;5,6
6,4;4,1
4,5;3,8
5,9;9,3
6,5;3,5
4,5;3,1
4,3;2,6
4,3;2,6
7,7;9
5,1;3,2
5,7;2,6
6,6;3,8
5,6;5,1
7,4;4,3
5,3;4,6
2,9;9,2
4,5;2,7
3,6;3,3
6,6;4,1
5,8;3,2
5,7;6,9
5,8;4
5,4;3,2
4,5;3,6
6,9;4
5,5;3,6
4,8;3,7
5,4;2,8
4,9;4,9
5,28;2,5
8,00;9
6,8;4
6,6;3,6
6,00;4,7
5,3;3,9
6,3;5,1
6,48;4,5
7,9;6,2
7,5;7,9
7,4;6
6,7;4,6
7,5;6,9
7,6;6,1
8,2;8
7,6;6,1
4,9;3,3
13,2;15
6,1;6
9,3;4,1
7,1;4,8
5,2;6,8
7,4;5,2
7,6;6,1
6,5;5,9
6,00;3,4
5,5;4,2
5,00;3,2
7,1;8,2
7,00;10,4
5,2;4
4,6;2,6
5,2;2,7
6,2;4
5,3;4,1
5,31;3,9
4,9;2,9
4,9;2,5
9,7;7,8
8,2;6,1
4,93;2,8
6,9;3,7
9,3;16,9
4,00;2,6
4,8;4,5
5,4;2,7
9,1;10,9
7,4;14
5,4;3,8
7,00;3,4
6,4;3,5
8,6;5,2
5,5;3
7,3;5,3
5,5;2,7
6,00;4,8
6,6;4,5
6,5;10,7
14,7;34
8,9;7,7
8,3;10,6
10,7;30,3
5,1;4,3
7,3;6
7,2;6,5
8,9;11,5
8,1;5,7
9,1;20,1
8,1;12,7
3,9;3,6
5,6;10,5
9,1;9
10,7;15,5
7,4;6,2
4,5;5
4,6;7,2
9,9;8,8
9,7;18,5
11,1;15
6,7;5,3
7,4;4,9
10,7;14
8,5;7,4
4,1;4,7
4,1;3,5
5,2;2,9
8,3;8,1
3,4;4,4
5,2;5,3
5,6;4,3
5,2;4,7
8,3;7,7
5,4;4,7
4,9;4,2
3,00;6,1
5,2;5,2
13,5;19,8
7,2;11,8
7,9;6,7
9,7;8,5
9,7;13,6
6,3;4,9
3,7;3,6
5,6;5,9
4,00;2,8
4,6;4,2
3,7;4,7
10,7;10
5,1;4,7
6,4;5,1
5,8;3,7
5,2;4,8
7,1;6,7
7,2;6,3
14,5;11,6
6,6;5,2
10,2;13,4
10,2;8,6
4,3;3,2
10,2;12,6
4,7;5,7
5,3;5,6
10,7;17,5
4,5;8,3
9,2;10,1
4,3;4,1
5,7;4,5
9,7;8,3
7,9;6
9,3;6
7,2;6
8,3;8,4
7,7;7,1
3,7;3,9
7,5;13,9
5,9;7,5
3,9;8,9
7,3;6,9
5,7;5,7
6,7;9,2
7,4;7,1
6,5;5,8
7,7;9,7
9,3;9
8,7;6
9,1;7,3
9,7;10,5
3,7;3,8
9,9;11,2
4,6;3,7
8,2;8,6
7,3;5,9
9,2;16,5
11,1;18,3
9,3;8,2
9,7;11,1
5,1;5,6
4,7;4,6
5,1;4
5,3;9,5
4,7;5,5
4,7;2,8
9,2;29,6
6,7;5,2
4,9;7,5
11,00;27
3,4;2,5
4,6;3,5
5,5;3
5,00;2,8
4,4;3
4,7;5,7
6,1;5,1
6,5;9,6
5,7;9,5
3,7;3,7
10,9;20
9,3;8,5
4,9;2,7
3,9;2,5
5,5;2,7
4,4;3,5
4,7;3
4,1;4,2
5,6;4,3
5,1;9
5,7;4,1
7,6;8,5
3,7;3
8,8;7
10,6;12,5
5,00;9
7,00;6
5,2;3,5
4,3;4,7
5,9;6,7
7,6;5,8
8,5;16
12,3;10,7
5,1;2,6
5,2;3
4,2;4,8
5,7;4,2
4,1;2,8
4,6;6,5
5,00;5
6,6;4,3
7,6;8,1
6,9;7,2
4,3;4,7
3,9;3,9
5,7;4,2
7,5;10,9
5,9;6,5
8,5;14
3,6;4,7
4,4;4,5
3,9;3,3
5,9;2,5
4,3;5,2
6,9;4,7
4,3;2,7
6,1;5,6
6,2;6,3
9,4;7,5
6,7;4
4,5;3,5
7,5;4,3
3,9;2,8
8,4;9,5
7,1;3,7
4,4;5
4,6;5,6
4,6;5,5
5,9;4,7
2,5;4,2
5,9;3,5
7,1;4,9
9,4;6,6
8,8;9,2
5,7;4,9
5,2;3,2
5,2;4
3,8;3,5
5,7;3,9
11,5;19,1
3,7;2,5
7,3;6
3,7;2,6
11,5;14,7
7,7;4,7
4,9;4,6
9,5;8,8
3,5;3,5
3,7;2,8
5,5;4,2
6,8;4,6
6,9;3,5
4,6;3,5
4,1;4,12
3,7;3,2
6,5;5,1
4,9;4,1
4,7;4,5
4,4;4
11,6;13,3
4,3;2,7
4,9;3,2
6,00;4,8
4,5;2,9
9,6;7,6
5,5;4,3
7,1;6,1
6,1;9,1
8,1;5,5
3,8;3,1
6,6;8
6,3;5,3
8,6;9,8
6,4;4,7
7,5;11,4
3,4;5,4
4,4;8
8,6;7,9
5,8;4,9
3,9;4,5
4,2;7,8
7,00;4,7
4,2;2,8
4,00;3,2
3,8;2,8
7,1;9,8
4,7;3,1
6,2;5,2
6,6;5,1
6,1;5,4
3,4;3,2
6,5;4,6
4,00;3
5,1;4,5
7,00;4,5
4,7;4
6,99;4,4
6,2;5,6
3,4;4,1
4,7;3,5
7,00;5,2
7,00;4,9
7,00;6,4
3,00;2,5
5,1;6
6,7;5
7,5;7,4
8,6;8,9
7,4;6,5
7,00;5,1
6,4;8,5
7,7;6,5
8,1;9,1
7,6;6,1
6,6;4,7
9,7;16,1
7,6;6,3
5,2;5,3
5,00;7,1
5,6;7,5
6,5;6,3
4,6;3,7
4,9;4,5
4,9;3,5
6,6;9
5,2;4,1
5,5;3,5
6,7;4,9
4,2;4,4
2,37;4,2
5,5;3,3
4,25;2,6
10,4;9,5
5,9;6,8
5,5;3,6
6,8;4,1
8,6;17,3
3,1;3
4,2;4,4
4,1;3
8,5;12,7
8,8;14,6
5,3;4,1
5,7;3,9
6,5;3,6
8,4;6,9
4,2;2,8
7,2;10,9
10,3;38
18,2;9
7,5;11
10,3;34,4
3,9;5
4,2;6,7
4,3;7,4
8,9;5,2
8,7;20,1
5,9;10,9
5,5;5,6
11,7;9,8
12,7;17,6
5,9;5,4
14,3;17,8
12,7;24
3,9;4,6
7,7;6
10,7;9
14,4;16,6
5,5;6,2
14,4;16,7
4,00;6,3
8,00;7,3
6,4;8,2
10,36;11,3
8,7;10,8
2,00;5,9
7,2;8,5
8,8;13,7
6,36;12,4
4,16;4,2
6,4;10,3
9,7;9,5
10,00;11,3
9,53;12,9
10,00;15,6
12,00;13,4
13,00;17,6
18,00;42,6
10,00;21,1
16,00;14,5
18,00;21,8
12,00;12,7
15,00;12
18,00;27,7
22,00;32,3
10,00;11,6
7,00;12,4
16,00;13,8
21,00;25,5
9,00;7,8
11,00;5,6
12,00;14,1
11,00;17,7
12,00;15,8
18,00;12,2
16,00;13,2
18,00;15,2
10,00;9,3
18,00;17,2
12,00;9,8
7,00;6,9
8,00;9,7
12,00;11,6
8,00;9
8,00;6
11,00;9,2
11,00;7,6
13,00;11,5
8,00;4,8
10,00;8,6
10,00;4,7
10,00;7,1
11,00;7,6
8,5;6,1
12,00;13,1
11,00;8,3
13,00;14,6
13,00;8,7
7,00;6,9
19,00;13,9
9,00;8,2
7,00;8,3
8,00;4,1
8,00;5,7
7,00;5,5
15,00;19,4
10,1;10,1
15,00;10,5
10,00;8
7,00;4,5
11,00;8,2
6,00;5,6
13,00;38,2
13,00;10,9
15,00;11,7
13,00;10,5
11,00;8,4
16,00;13,2
8,00;4
15,00;11
12,00;11,7
12,00;8,8
9,00;4,8
10,00;5,8
9,00;5,5
13,00;10,8
6,00;3
6,00;5
7,00;5,3
13,00;27,4
5,00;3,6
7,00;3
6,00;3,4
6,00;3,4
5,00;2,7
8,00;3,3
10,00;6,3
10,00;9,3
18,00;15,3
5,00;5,6
9,00;5,6
10,00;8,5
9,00;6,3
8,00;6,2
9,00;8,1
18,00;10
16,00;11,4
15,00;9,7
8,00;4,3
18,00;9,2
5,00;6,3
10,00;4,4
9,00;4
18,00;13,6
5,00;4,2
12,00;9
12,00;10,8
8,00;3,9
8,00;5,8
10,00;4,3
7,00;4,4
6,00;2,9
10,00;6
9,00;3,4
7,00;3,3
9,00;4,2
7,00;3,2
17,00;15,8
7,00;3,1
5,00;4,1
6,00;3,7
6,00;3,2
13,00;12
10,00;5,4
10,00;5,8
9,00;5,5
18,00;13
20,00;15,3
20,00;14,3
19,00;21,1
13,00;9,8
19,00;10,4
10,00;10,1
15,00;15,6
7,00;5,2
9,00;7,2
9,00;6
12,00;9,3
9,00;4,3
8,00;4,2
6,00;3,2
5,00;3,2
4,00;3,1
6,00;4,2
9,00;3,8
7,00;3,5
5,00;3,2
10,00;5,4
12,00;9,3
12,00;15,4
9,00;5,7
10,00;11,6
10,00;8,5
10,00;8,9
8,5;7
7,00;3,8
9,00;5,8
10,00;7,1
10,00;7,8
10,00;5,6
7,00;3,9
7,00;3,6
6,00;3,3
3,1;5
10,00;12,5
12,00;13,2
13,00;19,1
18,00;43,5
10,00;20,9
16,00;14,8
20,00;21,9
13,00;12,2
15,00;12
18,00;28,8
23,00;33,9
12,00;12,3
18,00;15
22,00;26,2
9,00;7,7
11,00;5,8
13,00;14,4
12,00;18,3
12,00;15,7
18,00;12,2
16,00;13
18,00;15,8
5,00;8,9
18,00;17,4
7,00;11,5
3,5;6,7
4,00;9,3
13,00;11,7
8,00;5,8
11,00;9,7
12,00;7,8
10,00;11,9
9,00;4,8
10,00;8,7
10,00;4,6
9,00;7,3
11,00;7,7
10,00;6,6
12,00;13,3
12,00;8,5
13,00;9
8,00;6,8
20,00;13,8
10,00;8,1
8,00;4
8,00;5,7
3,00;5,2
16,00;21,4
10,00;10,1
16,00;11
11,00;8,8
14,00;38,7
14,00;11,2
15,00;12,5
14,00;10,8
14,00;8,5
16,00;14,5
8,00;3,8
15,00;11,4
12,00;8,8
9,00;5
5,00;5,9
9,00;5,5
1,5;10,7
8,00;5,1
7,00;5,6
13,00;28
6,00;3,7
8,00;3
7,00;3,8
8,00;4,3
9,00;3
7,00;2,5
5,00;2,6
8,00;3,3
18,00;15,7
10,00;5,6
10,00;8,6
18,00;10,1
17,00;11,9
16,00;9,8
10,00;4,1
18,00;9,8
10,00;4,4
15,00;14,3
12,00;9
13,00;10,8
10,00;4,3
12,00;4,5
8,00;3,3
10,00;6,1
17,00;16,5
4,00;4
7,00;3,6
14,00;12,7
11,00;5,5
10,00;5,9
10,00;5,5
18,00;13,4
20,00;16,9
20,00;14,7
20,00;21,7
14,00;10
20,00;10,5
12,00;10
16,00;15,5
7,00;7,2
10,00;8
10,00;5,9
12,00;9,5
9,00;4,4
9,00;4,3
9,00;3,3
8,00;3,4
5,00;3,3
7,00;4,3
10,00;5,3
10,00;10
12,00;16
9,00;6,1
10,00;11,9
10,00;8,3
10,00;10,5
9,00;5,7
1,5;7,2
6,00;8
2,00;6,6
2,00;3,9
8,00;3,6
1,5;3,2
5,00;2,5
10,00;7,8
6,00;4,3
7,00;3,5
3,00;3,2
10,00;12,4
12,00;13,3
13,00;16,1
18,00;42,6
8,00;20,9
15,00;14,3
20,00;21,8
14,00;12,7
14,00;12
16,00;26,2
22,00;31,3
10,00;11,8
10,00;11
10,00;9
15,00;12,6
20,00;24,9
4,00;7,7
5,00;4,4
5,00;3
12,00;5,8
12,00;14
15,00;17,5
12,00;17
12,00;15,6
12,00;11,5
15,00;12,2
13,00;14,4
11,00;9
13,00;15,4
5,00;9,8
12,00;9,5
7,00;6,8
12,00;12,2
10,00;9
9,00;6
10,00;8,8
10,00;7,3
13,00;11,3
8,00;4,7
11,00;7,8
9,00;4,7
11,00;7
12,00;7,5
9,00;5,5
12,00;12,8
10,00;8
12,00;8,3
9,00;6,1
7,00;6,8
15,00;12,8
7,00;8,1
7,00;8,3
8,00;5,3
7,00;5,3
5,00;4,2
15,00;16,4
10,00;10,2
15,00;9,9
10,00;8
7,00;5,5
10,00;8,1
5,00;5,5
15,00;37
14,00;10,3
15,00;10,9
14,00;10
10,00;7,8
15,00;12,1
8,00;4
14,00;10,4
12,00;11
12,00;8,4
9,00;4,9
10,00;5,7
12,00;5,8
12,00;10,6
6,00;3
6,00;4,9
5,5;4,7
15,00;25,1
5,00;3
7,00;3
2,5;3,1
6,00;3,4
5,00;3,3
4,5;3
6,00;2,5
5,00;2,5
7,00;3,1
8,00;3,4
6,5;3,4
10,00;6,3
10,00;10,2
15,00;14,4
7,00;6,5
7,00;5,5
10,00;8,3
7,00;6,3
9,00;6,4
7,00;6,2
10,00;8,1
10,00;9,8
10,00;10,5
12,00;9,4
9,00;4
15,00;8,3
7,00;6,1
10,00;4
9,00;4,2
15,00;12,4
6,5;4,2
12,00;9
12,00;10,5
7,00;3,2
7,00;4,2
7,00;4,2
7,00;4,2
6,00;4,2
5,00;3
6,00;3,3
9,00;4
6,00;3,1
7,00;3,5
7,00;4
12,00;14,8
6,00;3,2
6,5;3,7
12,00;11,1
9,00;5,2
10,00;5,8
9,00;5,4
15,00;12,2
18,00;14,4
20,00;13,4
18,00;20,6
13,00;9,5
13,00;10
10,00;9,9
12,00;15,4
6,00;5,1
9,00;6
9,00;5,8
12,00;8,5
5,00;3,2
5,00;3,1
5,00;3,6
9,00;3,7
7,00;3,4
4,00;3,1
9,00;5,2
12,00;8,9
12,00;14,9
9,00;5,4
10,00;11
9,00;8,2
10,00;7,8
8,00;6,7
10,00;4,4
7,00;3,3
9,00;5,5
9,00;6
9,00;6,1
4,9;5,6
7,9;4,4
7,00;3,9
7,1;8,6
5,5;5,1
4,7;2,8
10,5;28
5,4;4,7
6,2;5,4
10,3;26,6
6,6;2,7
4,3;3,1
5,8;2,8
5,4;2,7
4,1;2,6
5,8;5,4
5,1;4,9
5,9;9,2
5,7;8,9
4,5;3,6
8,9;20
4,35;2,8
3,2;2,7
5,5;3
4,3;3,6
3,2;3,1
3,00;4,1
5,3;3,6
3,3;4,1
4,4;3,2
7,2;11,7
5,2;2,6
4,7;2,9
4,5;3,7
5,8;3,5
8,2;5,9
9,1;11,2
6,8;8,2
7,8;5,7
2,6;3,1
5,7;3,9
6,8;5,5
8,9;5,5
11,1;16,4
9,1;9,2
3,9;2,5
5,6;2,6
6,00;4,4
4,8;2,6
5,2;6,1
5,5;4,9
5,7;3,9
10,6;6,1
7,1;6,4
5,2;4,2
4,1;4,1
5,2;3,7
4,5;3,6
4,3;3,3
3,9;3,1
6,8;9,7
5,2;6,4
9,2;12,1
3,8;4,5
5,1;4,5
4,9;3,3
5,7;3,6
3,7;5
4,9;4,2
2,8;2,6
6,5;5,2
6,5;4,7
7,7;7,3
4,3;3,7
4,6;3,5
7,7;4
4,4;2,8
8,7;7,6
6,3;5,2
6,6;5,1
6,6;5,5
4,6;3,2
6,3;4,9
5,1;3,9
6,4;3
5,1;5,4
8,2;3,8
6,6;7,7
4,6;4,6
4,7;2,7
11,7;27,5
5,9;4,3
7,45;3,9
12,2;25,1
5,3;3
6,7;5,1
5,7;4,2
6,1;8,7
6,1;8,9
2,7;3,2
8,9;20,6
2,45;2,8
4,38;2,5
3,9;3,5
3,7;3,2
4,8;3,8
4,6;3,1
3,3;3
5,8;9
2,64;3,2
5,00;2,9
3,00;6,1
4,2;9,4
4,9;2,6
4,00;2,6
5,2;2,5
5,2;2,5
7,7;5,2
11,1;10,6
7,5;7,7
7,5;5,1
4,3;3,1
6,1;3
7,1;4,9
9,8;4,8
9,3;13,9
9,4;8,1
7,3;3,9
8,5;6
6,8;5
6,7;3,4
7,4;5
7,2;6
6,2;3,8
5,7;3,5
4,2;3,5
4,2;3,2
3,9;3
8,2;9,2
7,4;6
10,5;10,9
4,17;3,9
7,9;4,4
4,3;3,3
5,6;2,5
5,7;4,8
6,4;3,6
4,9;2,8
6,9;5
7,4;4,3
7,9;6,7
5,8;3,4
5,00;2,8
5,4;3,4
5,4;2,7
8,7;6,7
7,00;4
9,6;5,1
8,5;5,3
7,00;3
5,00;4,6
5,5;3,1
5,9;2,6
4,33;6
8,33;22,8
11,5;30,6
9,00;31,5
8,33;17,1
4,67;8,3
7,7;11,5
2,47;3,7
5,5;8
2,3;8,4
11,67;19,8
7,00;22
9,33;29,6
7,17;12,6
12,03;19,9
3,5;3,5
11,33;32,1
7,00;12
9,96;21,5
5,00;4,1
9,00;14,1
13,67;31,4
8,67;16
7,06;8,2
11,00;29
9,3;16,1
8,00;14,8
7,36;9,2
6,33;11,1
11,00;15
8,00;8,4
5,7;6
8,33;17,5
11,33;35,3
4,5;5
7,03;5,6
6,67;18,3
8,00;8,5
7,00;6
6,00;4,5
18,00;30
17,00;18,4
18,00;34,3
18,00;23,4
20,00;33,5
20,00;27,2
14,00;22,3
17,00;12,2
14,00;17,6
16,00;22,4
18,00;26,4
18,00;29,5
16,00;14,8
8,00;8,5
16,00;21,3
6,00;3,4
20,00;35,2
15,00;16,5
14,00;22
18,00;22,5
18,00;16
20,00;34,8
18,00;16,6
15,00;28
7,00;14
14,00;18
15,00;12
16,00;21,3
15,00;35,5
7,00;7,8
9,00;7,5
8,00;6,8
5,00;5
4,5;4,3
6,00;3,9
14,00;5
4,00;5,2
17,00;11,6
18,00;10,8
12,00;6,5
6,00;4
3,5;3,2
7,00;4,3
6,00;4,1
18,00;10
8,00;5,1
16,00;22,1
17,00;9
17,00;7,8
12,00;5,6
18,00;7,8
17,00;21,6
15,00;6,3
18,00;10,1
8,00;3,7
17,00;9,6
11,00;18
8,00;7,3
7,00;5
8,00;6,8
17,00;4,7
8,00;4,6
17,00;10,5
17,00;9,8
7,00;4,2
16,00;9,5
14,00;6,2
6,00;3,8
4,00;3,2
7,00;5,3
6,00;5,8
6,00;4,2
6,00;5
13,00;10,8
8,00;5,8
8,00;9,1
4,00;3
4,00;3,2
4,00;3,5
8,2;9,9
4,9;3,2
6,5;10,6
8,4;10,9
10,6;24,6
8,5;10,2
9,8;16,1
12,00;25,9
8,00;13,3
7,00;6,8
5,9;6
9,1;16,7
8,4;6,8
7,9;11,2
7,5;11,3
6,3;4,3
3,2;2,7
4,7;4,3
6,00;3,1
3,2;7,2
6,1;5,2
11,2;29,2
5,3;3,7
9,3;9,3
8,2;21
3,4;2,8
10,2;19,2
3,8;2,6
3,3;2,9
3,6;2,6
3,2;2,9
12,4;16,5
7,6;10,8
4,8;3,9
5,2;4,5
3,00;2,8
9,5;18,3
4,5;3,3
11,4;25,9
5,2;6,1
4,00;4,3
6,00;4,5
20,00;35,7
16,00;17,1
18,00;21,9
20,00;22,2
17,00;16
20,00;34
15,00;17,4
15,00;28,3
12,00;14,5
15,00;19
14,00;12,8
15,00;21,8
15,00;36
10,00;7,9
2,00;5
10,00;6
15,00;11,9
14,00;12,2
8,00;6,7
6,00;3,8
5,00;4,1
7,00;4,2
12,00;9
10,00;8
7,00;5,8
8,00;7,5
12,00;21,4
12,00;7
12,00;13,9
6,00;3,7
12,00;10
15,00;19,6
9,00;7,4
7,00;4,6
5,00;4,7
12,00;11,9
12,00;9,9
9,00;4,2
10,00;9,9
10,00;6,4
2,00;3,5
8,00;5,3
8,00;5,8
7,00;4,2
8,00;4,9
14,00;10,8
4,00;3,4
3,00;2,8
5,00;2,8
7,00;3,6
2,00;2,5
2,00;2,5
10,00;13,7
10,00;13,6
12,00;7,1
12,00;10,9
4,00;2,5
10,00;11,2
7,00;6
8,00;9,5
4,00;3
5,00;4,5
4,00;3,2
3,00;3
8,00;6,4
4,00;3
4,00;3
6,00;4,6
6,00;3,5
5,00;2,7
6,00;2,8
7,00;3,5
6,00;2,5
3,5;3,1
3,6;4,3
8,3;10,7
5,6;5,2
7,7;7,3
9,00;18,2
6,9;5,7
5,2;4
7,5;10,2
4,9;4,8
5,9;7,6
4,4;5,2
6,00;4,8
3,3;5,6
5,00;3,1
2,6;3,1
4,2;3
2,6;2,6
6,3;5,3
4,5;4,2
4,9;3,7
5,4;3,2
8,2;6,5
4,1;3,2
3,7;3,1
4,6;5,1
6,4;7,4
7,6;7,5
7,2;7,6
5,4;4,7
3,4;4,3
6,00;4,7
9,2;24,9
10,9;29,8
7,5;7,5
3,4;6
5,3;4,4
5,7;7,2
5,4;4,6
7,6;7,4
6,2;5,4
4,6;3,3
5,9;4
5,8;4,9
4,6;4,8
4,5;4,6
3,5;6,3
10,3;10,4
6,3;4,8
2,9;2,6
4,2;3,7
5,2;3,4
3,5;2,9
12,1;33,5
5,9;4,2
5,1;3,7
3,8;3,3
6,8;10
4,2;4,6
6,7;10,3
4,4;2,5
7,9;12,7
6,1;4,9
9,6;25,6
4,2;2,6
5,1;7
7,6;10,3
8,9;16,6
11,2;27,2
6,5;13,6
6,2;7
3,7;7,3
8,00;18,8
6,9;7,3
6,5;12,2
5,9;6,5
5,1;4,9
4,7;3,3
11,1;7,2
5,3;10,8
6,5;7,5
4,00;3
3,4;2,5
3,7;3,7
1,7;17,4
9,7;24,4
7,5;8,4
3,5;3
3,9;3,3
9,1;13,7
5,3;5,2
4,2;8
4,2;6,2
4,2;2,6
9,9;19
4,1;4
4,1;3,6
9,2;20,6
6,00;5,3
4,7;2,7
10,7;30,1
4,8;4,2
5,4;4,1
7,6;20,9
4,7;3,6
4,00;3,3
5,3;3,1
3,6;3,5
1,8;3,1
5,4;11,3
7,6;11,2
3,5;4,7
4,1;3
9,4;19,5
7,00;2,4
10,5;27,2
7,2;11
4,4;5,3
5,7;6,1
8,00;8,2
8,5;19,9
6,00;6,1
5,3;4,7
3,3;2,8
7,5;11,8
7,2;7,4
3,00;5,4
4,2;2,8
4,5;5,6
5,7;3
4,5;2,9
2,00;2,7
5,5;6,3
4,5;4,6
5,4;3,7
5,1;3,4
6,8;8
4,9;8,1
7,5;8,3
7,5;9,8
7,00;7,5
6,3;5,9
4,4;4,6
10,00;20,9
7,2;8,2
5,5;6,7
5,9;5,1
7,4;7,6
7,2;8,8
6,00;6,1
4,1;3,4
4,2;6,4
4,2;6,2
6,2;4,7
5,1;4,8
3,5;3,8
4,1;7,8
9,7;12
6,3;4,9
3,9;2,7
5,4;4
4,9;3,6
4,5;3
10,6;35
5,4;4,4
4,5;4,3
3,8;3,2
5,4;6,1
6,00;3,5
10,00;8,5
6,00;6
6,00;4,5
20,00;32
20,00;30
25,00;25,5
20,00;13
20,00;18
20,00;27,1
23,00;30,5
19,00;15
20,00;21,3
22,00;34,5
18,00;17,5
20,00;22
20,00;22
18,00;16
20,00;34
15,00;18,1
16,00;28,5
13,00;14
16,00;19,2
15,00;12,9
16,00;21,5
16,00;35,3
11,00;7,8
10,00;7,4
15,00;8
3,00;5
5,00;4,6
6,00;3,8
2,00;5
15,00;12,1
14,00;12,8
9,00;6,9
6,00;3,9
5,00;4,1
7,00;4
13,00;10,5
20,00;23,8
12,00;9,1
11,00;7,7
8,00;5,8
7,00;7,4
13,00;20,4
13,00;7,2
13,00;11,5
7,00;3,6
12,00;10
10,00;8
6,00;4,4
10,00;7,2
7,00;4,5
6,00;4,8
13,00;12,1
13,00;10,3
9,00;4,3
11,00;10
7,00;6,3
4,00;3,5
10,00;5,4
8,00;5,7
8,00;4,2
9,00;4,9
15,00;10,8
6,00;6,5
20,00;23
8,00;5
15,00;6,5
6,00;3,8
4,00;3,2
4,00;2,8
5,00;2,9
7,00;3,6
2,5;3,2
3,00;2,6
11,00;13,5
10,00;13,6
12,00;7,4
12,00;11,5
4,00;2,5
10,00;11,5
18,00;6
8,00;9,1
6,00;3
5,00;4,5
6,00;5
4,00;3,1
8,00;6,4
4,00;3,1
4,00;3,2
25,00;19
5,00;3,5
2,9;2,5
5,00;4,3
5,00;4
5,00;4,5
6,00;6
15,00;20,7
14,00;17,9
5,00;3,5
6,00;4,6
6,00;2,8
5,00;3,5
10,00;8,5
5,00;6
20,00;30,7
17,00;19,7
20,00;33,6
18,00;23,4
20,00;29,2
18,00;23,8
17,00;12,9
15,00;17,4
19,00;22,6
20,00;26,6
22,00;30,3
18,00;14,9
9,00;8,7
19,00;21,3
9,00;7,6
9,5;6,8
4,00;6
5,00;4,6
6,00;3,9
10,00;7,4
20,00;22,3
6,00;6
9,00;7
18,00;22,9
8,00;5
5,00;3,3
7,00;5,1
4,00;2,8
5,00;3,3
5,00;3,5
6,00;3,4
19,00;22,9
8,00;5
8,7;9,8
5,9;4,3
3,7;4,5
3,00;2,7
5,3;10,9
1,8;2,5
7,2;7,2
10,5;23,8
11,00;22
3,9;2,8
3,7;2,6
3,8;6,8
8,4;10,2
10,5;16,1
10,1;25,5
12,2;13,8
8,2;12,8
7,2;6,9
6,3;5,1
9,4;16,5
6,00;3,5
7,7;6,7
6,4;11,5
5,6;4,9
8,7;11,1
1,2;4
4,7;6,2
0,6;2,7
1,8;6
4,3;2,6
3,1;3,9
1,4;3,6
1,44;3
3,8;22,8
3,7;7,2
3,00;12
3,00;10,6
6,00;5,5
7,6;6,6
9,5;9,9
3,00;3,1
11,00;16,4
11,2;23,4
6,4;6,3
4,00;3,7
4,1;2,7
10,3;12,7
7,2;4
3,00;2,5
4,1;8
5,1;5,5
4,4;2,5
7,7;18,8
3,9;2,9
3,9;3,7
4,4;2,9
10,7;20,3
3,7;4,6
4,8;4,4
6,3;7
8,7;4,9
13,2;28,7
4,7;3,1
12,7;10
10,7;21,2
3,00;2,7
13,2;19,1
4,2;2,8
12,2;16,1
5,2;10,7
9,00;2,6
8,7;11,2
1,5;4,6
5,1;4
4,4;4,5
4,1;2,7
7,2;6,3
10,7;17,2
4,9;2,8
13,7;24,9
4,9;4,7
9,2;10
7,2;4,2
6,00;4,4
7,5;6,5
8,7;5,2
4,3;3,8
3,47;2,8
8,7;8,7
2,86;4,5
5,56;6,7
4,69;3,1
4,54;4,3
5,56;3,7
6,07;4,9
6,6;5,5
2,16;2,8
4,5;6,3
4,3;2,5
3,6;4
6,15;9,6
4,69;2,8
4,4;5,5
5,3;2,8
3,00;4
4,5;3,1
3,1;2,5
8,00;4,6
5,2;6,5
4,2;3,9
9,2;6,2
5,6;3,2
4,4;2,6
5,3;3
7,2;6
5,00;3
4,9;3
4,6;8,4
5,7;2,8
6,3;4,8
6,7;3,5
7,7;6,7
8,5;6,5
8,2;6,9
5,1;3,2
4,9;4,3
6,3;3,5
2,86;3,4
6,00;6
5,4;5,8
10,7;22,3
8,67;10,3
10,4;31,2
10,4;22
11,2;31,3
9,7;17
5,9;7,2
4,6;3,6
5,9;8,2
7,1;8,4
13,4;19,5
8,3;21,8
11,7;28,2
7,4;12
4,33;8
5,2;3,4
13,4;31,8
9,00;11,7
7,00;22
14,4;20,8
4,16;4
8,00;13,5
14,4;30,2
6,00;11,4
11,4;16,7
6,33;8
12,03;28,5
12,7;15,8
9,2;13,3
13,1;10,2
31,6;17
16,7;26,5
14,4;10,6
12,7;14,5
5,9;5,5
10,4;17,3
15,00;34
6,7;4,6
6,00;18,2
5,00;3,6
5,00;3,8
5,00;3,9
6,00;4,8
6,00;4,4
8,00;5
7,00;3,5
12,00;10,5
7,00;5,2
15,00;26
8,00;35
2,00;54,3
10,00;35
12,00;15,5
15,00;19,8
8,00;28
12,00;31
10,00;15,2
15,00;35,3
15,00;18,2
15,00;22,6
15,00;23
5,00;17,3
15,00;35,5
11,00;19
8,00;15,1
15,00;21,3
17,00;23,8
15,00;8,1
8,00;12,8
13,00;16,6
7,00;4,9
6,00;7,4
18,00;13,9
15,00;14,2
12,00;8,5
4,00;4,3
15,00;24,2
5,00;8,6
15,00;14
15,00;20,9
10,00;13,4
5,00;8,5
8,00;6,8
6,00;5,7
20,00;14,9
20,00;13
10,00;7,1
12,00;13,1
11,00;9,4
3,00;4
12,00;24
8,00;3
6,00;5,8
6,00;8,5
8,00;5,2
10,00;15,5
12,00;14
5,00;7,8
5,00;6
4,00;6,5
15,00;21,5
5,1;4,15
15,2;16,05
5,2;4,65
15,7;27,95
5,9;7,2
9,5;10,5
11,5;15,95
13,7;28,9
13,2;15,85
9,9;13,9
8,8;6,9
5,1;4,65
4,7;3,45
5,9;5
4,4;6,75
7,1;7,45
7,7;6,2
7,5;11,8
8,1;7,45
7,2;8,15
4,4;3,5
14,2;16,15
3,4;4,2
13,5;19,15
14,2;25,8
8,9;8,65
4,2;3,6
11,1;3,65
6,3;5,45
7,1;6,5
4,3;3
13,7;19,3
12,2;20,35
7,7;5,7
9,4;7,8
13,2;15,15
11,7;17,15
5,2;2,9
16,1;30,7
7,00;5,05
11,2;20,4
6,5;4,45
17,2;19,7
4,2;3,65
4,2;3
13,7;20,45
8,7;12,55
3,7;4,3
4,3;3,25
6,1;4,05
16,7;28,35
10,5;11,2
13,2;21,55
10,3;12,3
6,1;7,55
12,7;9,6
12,7;23,65
9,1;7
12,7;9,75
10,1;8,25
8,9;7,25
8,3;8,6
11,7;13,65
5,1;3,5
16,7;26,75
9,2;31,45
10,4;9,9
4,7;7,6
6,7;6,75
10,5;8,25
6,00;4,5
13,2;10,4
7,5;6,8
5,3;3,5
5,7;5,05
14,4;13,3
8,2;5,05
4,3;2,9
6,5;4,4
7,1;3,95
4,8;4,1
10,7;18,7
9,9;29,3
5,8;7,3
6,3;10,2
9,7;16,1
12,2;30,2
7,7;14,3
6,5;6,9
6,6;5,4
4,7;3,5
7,2;7,5
6,00;8,1
10,2;17
3,7;4
11,5;20,2
10,7;26,9
9,1;10
4,5;3,5
5,4;4,4
7,2;7
4,3;3
10,7;19,5
10,1;16,1
3,6;3
11,7;32,5
5,7;6,2
9,2;11
8,7;21,2
5,7;5
4,3;3,9
10,9;22
8,7;12,4
3,7;4,1
9,7;29,3
9,2;11,2
7,00;10
10,2;24
8,1;13,6
4,7;5,9
6,5;8,2
8,2;10,3
10,1;25,5
8,7;12,2
9,7;9,8
3,7;5,2
7,4;7,7
10,7;9,4
8,7;14,5
6,00;4,6
9,3;30,9
13,2;10,4
4,6;7,6
6,00;7
9,7;8,9
12,7;11,7
8,7;7,2
4,8;3,5
6,6;5,1
12,7;14
8,1;4,9
4,2;3
6,3;4,5
6,7;4,1
9,7;18
8,5;7
3,7;3,4
9,1;16,8
10,6;23,7
6,8;7,4
4,1;3,8
2,8;2,8
9,5;13,3
5,00;4,8
1,7;2,7
4,8;8
5,1;6,2
3,9;2,6
10,6;19,9
3,2;3,6
4,4;3,3
9,3;21,3
3,4;4,6
12,8;24,7
3,7;29,3
8,4;7,1
7,3;5,4
5,3;3,6
8,4;7,2
5,7;4,5
1,7;6,6
7,1;5
5,4;5,7
7,2;6,5
7,2;3,5
6,8;4,3
6,3;4,5
5,7;4,6
5,7;7,1
6,8;6,3
4,6;3,1
6,2;6,7
3,7;3,5
11,00;10,3
7,7;4,8
3,7;2,5
6,2;7,8
5,9;3,6
5,8;3,4
4,9;3,1
14,2;33,3
5,9;4,1
4,3;3,7
1,7;3,5
13,4;29,94
21,5;14,7
7,75;11,4
3,33;8,3
12,67;36,4
8,36;15,8
8,03;20,4
6,67;17,5
13,36;31
4,83;5,4
7,83;30,2
3,33;5,5
12,33;31,4
11,67;27,5
11,37;25,4
3,33;5,5
11,66;26,5
5,00;7,4
6,33;10,7
4,00;4,7
13,00;40,2
10,64;15,2
10,67;32,4
3,00;4,5
3,67;5,6
3,2;5,5
6,33;7,7
3,53;5,8
6,00;14,3
11,3;19,2
11,03;22,6
11,7;21,7
4,66;6,7
5,83;6,3
7,00;5
22,5;34,6
18,00;15,6
18,00;16,1
7,00;9,8
25,00;41,3
18,00;22,2
20,00;19,7
20,00;34,5
7,00;5,5
22,00;33,5
9,00;8
26,00;35,2
20,00;28,7
26,00;29,4
4,5;5,5
24,00;31,3
6,00;10,5
4,00;5,3
29,00;44,8
15,00;17,5
25,00;37
25,00;22
12,00;9,3
6,00;7,4
12,00;16,1
11,00;7,4
20,00;24
28,00;31,5
20,00;28
7,00;9,5
10,00;8,5
9,5;15
13,00;9,5
15,00;16
3,00;6,6
15,00;11,2
6,00;6,7
13,00;11,6
10,00;7,8
9,00;10
7,00;3,9
8,5;5,7
10,00;8,7
9,00;8,5
5,00;5,5
5,5;4
10,00;8,9
8,5;5,7
6,00;3,1
6,00;6,8
22,00;37,2
20,00;16,4
8,00;9,7
26,00;43,8
22,00;22,6
20,00;20,5
22,00;35,1
8,00;5,5
25,00;34,2
7,00;8,8
25,00;35,9
22,00;29,2
6,00;6,2
25,00;32,5
6,00;5,5
25,00;45,8
15,00;17,6
25,00;36,9
25,00;21,9
8,00;9,3
8,00;7,5
10,00;15,9
8,00;7,5
20,00;24
25,00;32
22,00;28,4
11,00;8,7
13,00;15
14,00;9,7
15,00;16
15,00;12,5
7,00;6,8
8,00;11,8
8,00;10,3
7,00;6,5
5,00;4
10,00;5,7
9,00;8,9
7,00;8,2
8,00;5,7
12,00;9
11,00;9,6
10,00;6,9
6,00;4,1
4,00;5,3
5,00;3,8
4,00;3,1
6,00;4,9
3,00;3
3,00;6,7
5,00;3,8
12,00;11,3
6,00;4
6,00;3,2
20,00;22,8
20,00;10
6,00;4,2
7,00;9,2
6,00;5,8
8,00;9
6,00;5,4
8,00;11,9
6,00;8,4
25,00;24,7
16,7;30
5,4;12
4,4;4
5,00;8,5
15,7;27
11,2;14
9,7;14
14,2;22
8,7;11,5
6,4;8
17,7;33
12,7;16
3,00;3
3,00;3
17,7;19,5
9,7;15,5
17,7;29,5
6,4;5
4,1;3
3,8;3,5
23,7;29
4,9;4,4
5,00;4,2
10,00;29
11,3;25,3
4,00;4,5
8,00;11
8,5;27
5,4;6,2
5,2;6
7,00;6,6
6,9;10,1
10,5;37,7
8,6;14
10,4;28,4
2,3;3,3
6,4;7,5
4,1;4,2
5,5;6,6
3,8;4,6
8,5;13,6
4,4;2,9
4,2;3,8
4,5;2,7
5,8;4,1
19,7;17,4
11,5;21
8,43;17,2
5,3;6,7
6,2;5,5
6,3;9
6,7;3,8
7,2;5,1
9,3;5,5
8,3;9,2
9,3;5,9
8,3;9,8
11,2;23
12,7;35
5,1;4,4
9,9;8
7,00;6
10,8;25,2
4,2;11,7
2,8;3,5
6,3;3,7
2,5;8,2
10,00;21,7
5,5;13
4,9;8,5
3,4;4,5
10,3;21,5
6,8;10,8
5,4;7,2
11,4;25,2
6,9;15
10,6;17,8
9,5;13,5
8,9;25,1
2,5;3,3
4,7;6
3,4;3
3,7;2,5
11,3;24,8
10,6;20,4
9,8;20,4
2,7;3,7
4,3;5,4
4,00;3,7
8,9;24,4
4,9;4,8
3,7;4,3
3,7;2,7
4,9;18,5
4,4;4,6
5,7;4,3
4,6;9,4
3,7;3,9
11,9;32,9
9,00;13,4
11,00;25,1
4,1;2,5
5,7;6,6
5,1;4,2
9,7;18,8
6,5;4,9
5,4;6,5
3,6;3,3
4,8;2,8
6,9;13,7
3,6;2,8
4,2;3,2
4,6;3,9
5,07;3,4
10,17;14,2
10,85;15
9,23;9,9
7,14;6,8
4,92;10,7
5,14;6,5
6,39;4,6
7,3;7,7
7,51;7,3
2,5;3,8
3,2;3,1
4,4;2,6
6,7;8,3
2,6;3,5
4,00;2,9
3,9;3,5
3,16;3,1
5,00;3
5,6;5,4
7,00;9,5
4,00;2,7
8,8;22
4,1;3,5
5,00;4,8
4,00;3,1
4,4;3,2
11,1;33,7
3,2;3
6,2;5,9
5,00;3,8
18,00;17,7
12,00;24
8,00;14,6
7,00;10,1
8,00;9,4
8,00;6,8
8,00;6,6
8,00;12,2
8,00;9
15,00;25,1
5,6;7,5
22,00;35,4
18,00;15,6
20,00;16,2
7,00;9,8
25,00;42,7
18,00;22,4
21,00;20,1
22,00;36,4
7,5;5,5
24,00;33,5
9,00;8,5
27,00;35,7
21,00;29
26,00;30,4
5,00;5,7
25,00;31,3
6,00;6,5
29,00;44,8
15,00;17,5
25,00;35,4
25,00;21,5
10,00;9,3
6,5;7,4
10,00;16,1
20,00;24
25,00;32,1
23,00;28,9
6,00;9,1
10,00;8,6
12,00;15
13,00;9,6
15,00;15,8
3,00;7
15,00;11,8
6,00;6,6
7,00;11,6
11,5;8,1
8,00;10,2
7,00;7,6
8,00;5,7
8,00;8,8
7,00;8,2
4,5;3,9
7,5;8,6
11,00;9
8,5;6
5,5;4,2
3,00;4,3
3,00;4,4
3,00;3,9
3,00;2,6
5,00;4
12,00;10,8
6,00;5
5,5;3,5
5,5;3,2
9,6;26
3,3;4
3,8;8,3
11,2;22,5
7,2;13,1
5,9;9,7
3,9;4,3
9,00;21,3
6,3;10,8
5,3;7,3
9,9;26,4
8,8;15,5
2,7;3
4,5;2,6
8,4;18
7,7;14,1
9,4;26
4,00;2,6
3,7;2,9
4,4;6,2
3,7;4
4,1;2,7
3,8;4,3
8,7;25,2
9,7;21,3
5,00;3,2
8,2;21,3
3,9;4,3
4,1;6,2
8,5;24,6
3,2;5,8
5,9;4
4,5;5,2
6,7;5,1
4,9;10,4
4,3;3,7
11,00;34,4
8,4;14
9,3;25,2
3,5;2,9
5,8;6,8
4,9;5
6,1;5,5
4,9;6,6
3,7;3,7
7,4;12,7
3,5;3,3
4,2;3,7
5,4;4,8
5,08;3,9
8,9;16
10,04;15,9
6,6;6,7
9,13;10,7
5,11;7,5
5,78;5,2
4,00;7,9
5,9;8,4
2,2;2,9
4,8;4,2
4,00;3
4,9;4,5
3,6;3,3
5,5;7,4
2,48;4,2
3,7;3,5
6,5;4,2
4,7;2,6
5,6;5,8
5,4;9,6
3,2;2,7
8,6;21,6
3,6;4,3
4,7;5,5
6,5;3,2
10,00;33,8
3,3;3,6
6,2;6,4
4,8;4
3,3;3,2
11,7;25
8,1;11,4
3,9;3,1
4,3;3,7
6,8;8
11,7;21,4
7,4;13
6,1;6,8
3,4;4,4
7,9;21,3
8,9;10,8
5,00;7,3
11,7;25,6
9,9;15,2
9,5;17,7
9,9;12,8
12,8;25
2,7;2,8
2,9;2,5
6,9;5,8
3,5;11,2
7,4;6,8
4,9;2,6
11,4;24,1
11,3;21,2
11,1;19,3
2,9;2,8
5,1;4,5
4,1;3
4,9;3,2
10,9;24,6
5,2;11
3,8;3,3
3,00;3,5
4,00;2,7
3,6;3,9
6,4;19,2
4,1;3,1
4,2;10,2
3,9;3,6
13,00;33,5
10,7;13,5
9,7;24,1
7,6;6,5
5,6;2,7
10,00;18,8
4,9;3,3
6,1;4,7
8,7;6,5
4,5;3,2
4,8;2,7
8,9;12,5
5,2;2,7
4,1;2,7
3,8;2,8
5,15;3,7
4,16;3,2
9,4;13,8
10,12;14,5
9,3;8,8
4,1;4,5
8,7;6,3
5,7;10,4
4,7;3,4
5,28;6,5
7,69;4,7
4,16;6,6
7,62;7,3
7,62;7,1
2,9;2,8
7,9;6,8
1,33;3
4,3;2,6
3,16;3,1
4,7;3,2
5,1;2,6
5,55;5,1
8,2;9,8
3,4;3,2
4,6;2,7
8,5;13,4
8,7;17,5
9,4;21,8
4,2;3,1
9,3;4,5
3,2;3,2
7,3;6
4,1;3,2
2,04;2,6
4,64;5,8
10,2;33,7
5,1;2,6
6,4;5,8
3,7;2,5
4,7;3,3
8,7;12
6,4;11,1
5,00;8,1
15,7;36,1
11,03;15,7
7,00;20,5
11,00;16,8
6,4;5,6
11,7;30,2
4,7;5,2
6,4;31,3
14,00;26,9
4,66;4,7
9,3;26,2
6,1;6,4
6,4;7,6
6,4;10,2
4,9;4,4
14,7;39
10,00;15,1
13,4;31,2
4,00;4,1
6,2;5,6
4,7;5,2
8,9;7,5
5,00;5,5
9,00;14
5,4;3,9
3,7;2,6
10,36;18,6
11,36;22,4
15,00;21
3,00;2,9
3,00;4,1
4,00;3,5
2,5;3
2,5;4
17,5;18,4
6,17;10,1
6,53;13,8
7,1;13,6
7,6;4,2
5,83;9,6
15,00;29,4
1,00;9,6
2,00;9,3
12,00;14
8,00;17,1
15,00;22,5
10,00;18,9
4,00;8,5
10,00;14,2
7,00;7,5
8,00;9,3
8,00;12,2
10,00;26,6
15,00;20,3
2,5;2,7
6,00;5
6,00;4,2
1,5;9,6
15,00;16,8
11,00;28,9
9,00;9,6
11,00;17
12,00;20,9
8,00;8,4
10,00;12,1
6,00;2,9
15,00;13,9
8,00;6,4
15,00;21,7
15,00;7,4
6,00;5,9
12,00;14,4
12,00;6,4
9,00;9,1
9,00;9,2
10,00;8,5
12,00;19,5
10,00;16
10,00;30
10,00;9,5
8,00;21,3
5,3;12,2
4,5;7,8
4,3;6,9
4,1;6,4
5,00;3,9
11,00;6,4
4,00;3,4
6,00;5,1
1,00;6
6,00;5,5
6,00;8,4
7,5;6,6
7,00;3,7
6,5;7,9
5,00;4,7
7,5;7
4,00;3,9
9,00;7,3
8,00;7,4
9,5;8,4
7,00;4,9
6,5;3,7
8,00;7,1
7,00;5,5
8,00;7,5
7,00;4
9,00;6,8
7,00;6,9
7,00;5,8
10,00;8,8
7,00;6,1
9,00;6
6,5;4,3
7,00;5,1
6,00;5,1
6,00;7
6,00;5,1
7,00;7,3
6,00;5,8
7,00;4
10,00;4,3
7,00;4,2
10,00;6,4
8,00;4,6
6,5;3,9
9,00;4,6
8,00;4,9
2,00;6,1
3,5;3,1
6,00;7,2
6,00;4,6
6,00;6
6,00;6,4
6,00;4,9
6,00;4,1
6,00;5,1
8,00;6,9
8,00;3,9
7,00;4,4
8,00;6,2
7,5;5,4
9,00;5,8
7,00;5,2
11,00;6,1
10,00;6
8,00;3,9
11,00;5,3
8,00;6,1
6,00;5,4
11,5;7,9
8,00;6,7
7,00;6,7
6,00;6,7
6,00;5,3
6,00;4
6,00;6,4
6,00;5,6
6,00;6,1
6,00;3,6
5,00;4,3
5,00;4,4
9,00;5
8,00;4,1
9,00;6
8,00;3,9
3,00;5,7
4,00;3,6
4,00;4
4,00;3,5
4,00;4,5
4,00;3,9
4,00;3,7
4,00;3,4
4,00;3,7
4,00;3,5
4,00;3,6
4,00;3,8
4,00;3,7
4,00;3,5
4,00;4,5
10,00;12,8
5,00;5,6
5,00;6,2
6,00;5,3
4,00;4,4
7,00;4,3
6,00;5
6,00;4,5
6,00;5,5
6,00;5
6,00;5,1
6,00;4,3
6,00;3,6
6,00;4,9
6,00;5,9
6,00;4,8
2,00;4,3
1,00;4,3
7,00;6,2
7,00;6
5,00;3,6
5,00;3,3
6,00;4
7,5;4,6
6,00;4
7,00;3,8
7,00;4
7,00;4
6,5;4
4,00;4
4,00;3,4
3,00;4,3
5,00;4,2
4,00;5,2
4,00;3,6
5,00;4,3
5,00;3,7
5,00;3,8
5,00;4,2
5,00;3,2
6,00;5,4
6,00;5
6,00;6
6,00;4,5
2,00;4,9
4,00;4
6,00;6,3
3,00;3,6
5,00;5,5
6,00;6
3,00;6
3,00;3,3
3,00;2,8
3,00;3,1
3,00;2,7
3,00;5,7
5,00;5
3,00;5,7
4,00;4,7
3,00;3,6
3,00;3,1
2,00;4,1
1,5;3
3,00;4,6
4,00;2,7
3,00;4,8
6,00;3,6
6,00;4,2
6,00;8,3
7,00;5,5
4,00;3,5
4,00;4,1
5,00;5
5,00;6,6
6,00;6,8
6,00;4,3
5,00;6,2
6,00;7,1
7,00;14,8
11,00;28,2
12,00;13,3
12,00;17,1
8,00;9,2
12,00;20,5
10,00;12
3,5;3
5,00;6,5
9,00;16,5
12,00;21,3
8,00;7,5
12,00;18,5
12,00;14,2
4,00;8,5
10,00;9
9,00;8,5
11,00;19
6,00;7,4
7,00;8
6,4;16,7
6,7;9,2
6,7;9,2
5,2;12,6
4,4;4,7
4,7;4,8
7,00;12,5
3,9;4,5
4,4;3,2
8,3;4,1
6,2;8,7
6,00;7,8
7,67;11,2
25,7;13,9
6,67;12,2
6,33;17,3
8,33;12,7
7,17;6
7,00;10,9
6,67;13,3
7,5;16,2
14,7;6,3
8,00;13,9
6,67;13,9
6,33;7,1
4,67;9,1
25,7;17
6,33;9,7
4,00;4,7
7,00;12,4
6,67;11,5
7,00;14
9,00;14,5
7,33;10
3,53;5
12,00;13,2
10,00;15,6
10,00;15,4
11,00;19,3
14,00;8,5
10,00;16,5
10,00;17,3
15,00;21,5
11,00;11,4
6,00;5,5
8,00;17,2
10,00;13,6
14,00;32
8,00;10,6
12,00;23,3
8,00;12,1
10,00;19,9
11,00;12,3
5,00;3
7,00;4,9
8,00;11,2
12,00;17,4
13,00;17,5
10,00;14
10,00;6,1
8,00;8,9
13,00;18,4
10,00;18
11,00;9,4
6,00;4,5
4,00;3,2
10,00;7
3,00;3,9
8,00;10,6
5,00;4,1
6,00;7,7
9,00;10,6
8,00;9,1
9,00;9,7
8,00;5,8
8,00;9,8
9,00;8,4
8,00;7
11,00;16
7,00;5,3
8,00;7,2
12,00;14
6,00;4,5
10,00;7,2
3,00;2,6
8,00;6,5
8,00;3,8
5,00;4
12,00;17,6
12,00;20
8,00;5,5
12,00;15,9
9,00;10,2
10,00;13,6
6,00;4,7
8,00;17,4
9,00;17,3
11,00;10
12,00;18,9
8,00;14,5
9,00;22
6,00;5,2
6,00;3,9
7,00;14,2
6,00;5,5
8,00;7,5
7,00;6,3
8,00;11
6,00;4,7
11,00;12
11,00;7
12,00;10,4
9,00;6
12,00;19,1
4,00;3,6
8,00;6,5
12,00;21,9
10,00;6,8
7,00;5,3
5,00;4,4
8,00;7,3
10,00;11,5
8,00;8,2
12,00;11,8
12,00;12,9
11,00;19
12,00;14,4
9,00;15
6,00;7
9,00;6,4
11,00;9,9
6,00;5,8
12,00;16
11,00;21,4
7,00;4,5
2,5;3,8
9,00;7,5
7,00;8,5
12,00;15,7
12,00;9
10,00;11,4
12,00;13,2
12,00;12,7
8,00;5,5
12,00;13
10,00;14
10,00;10,5
13,00;30,5
7,00;4,5
8,00;12,4
5,00;4
7,00;7,5
6,00;3,9
6,00;5,5
6,00;4,7
10,00;10,7
10,00;7,2
4,00;6,5
3,5;5,1
5,9;9,8
4,5;8,3
3,4;5,8
5,5;8,3
5,7;7,6
2,8;4,3
5,2;4,4
7,00;9,2
6,1;9,2
7,2;8,5
5,7;8,5
3,7;6,3
6,8;5,8
6,4;9,7
6,00;8,5
3,2;5,4
3,00;3,8
5,2;8,3
7,1;10,6
6,8;7,6
8,86;10,6
8,7;11,6
7,5;16,5
27,7;11,8
3,8;5,6
6,7;5,6
6,36;10,7
7,4;12,8
9,7;16,3
4,4;6,4
11,4;12,5
7,66;13,2
7,4;6,9
3,00;9,1
10,7;15,4
10,37;8,9
4,4;3
6,2;4
5,00;8,4
5,6;4,7
7,86;11,4
9,00;11,5
5,86;4,5
6,03;4,1
10,4;13,5
8,5;12,1
5,86;5,1
8,5;8,6
7,9;9,3
6,00;4,9
20,00;22
15,00;16,8
15,00;22,7
4,00;13,4
12,00;17,6
20,00;45
7,00;8,1
22,00;28,8
18,00;19,5
15,00;30,2
17,00;23,4
15,00;18,4
17,00;16,4
1,2;23,1
10,00;19,2
18,00;10,7
12,00;6,4
18,00;13,5
20,00;19,5
20,00;21,5
12,00;8,7
6,00;4,5
22,00;24,5
20,00;26,5
8,00;5,8
15,00;16,9
18,00;15,4
18,00;10,6
10,00;15,5
8,00;15,1
9,00;16,1
15,00;22,8
15,00;30,9
8,00;8,7
15,00;12,5
12,00;18
22,00;32
10,00;15,5
17,00;20,7
4,00;7,2
10,00;6,8
8,00;6,4
17,00;19,4
22,00;25,5
7,00;9,2
20,00;23,1
11,00;13,6
18,00;13,1
8,00;4,6
18,00;19,1
18,00;11,7
20,00;35,5
8,00;13,4
15,00;4,7
10,00;7,9
4,00;3,6
20,00;24,5
16,00;29,6
15,00;26,3
15,00;17,1
17,00;13,7
7,00;4,7
12,00;12,2
12,00;13,2
11,00;16,2
12,00;19,6
12,00;16,5
6,00;20
10,00;17,4
15,00;22,2
11,00;12
12,00;17
15,00;33,7
10,00;11,1
13,00;24,7
11,00;16,4
8,00;13
12,00;20,9
11,00;12,5
7,00;4,8
14,00;18,2
13,00;18,5
13,00;14,7
14,00;19,1
11,00;18,5
11,00;9,7
6,00;4,4
4,00;3,1
10,00;6,2
5,00;3,9
8,00;10,8
4,00;4
6,00;7,5
10,00;10,7
10,00;9,6
10,00;5,9
10,00;10,3
10,00;8,5
12,00;16,6
10,00;7,4
9,00;7
13,00;14,7
7,00;4,4
10,00;7,6
4,00;2,7
9,00;6,5
6,00;4,1
13,00;19,8
13,00;22,6
9,00;5,7
13,00;16,1
12,00;13,7
6,00;4,2
11,00;17,8
11,00;18,4
11,00;10,5
10,00;15
12,00;23,5
12,00;14,5
11,00;8,1
11,00;12,7
6,00;4,8
12,00;11,5
12,00;10,3
9,00;6
13,00;20
4,00;3,6
11,00;15,9
8,00;6,4
12,00;24,2
7,00;6,8
10,00;7,2
9,00;8,2
13,00;12
13,00;13,6
15,00;22,1
13,00;14,9
13,00;16
6,00;7
9,00;6,3
6,00;5,5
14,00;16,5
12,00;22,6
7,00;4,5
10,00;7,8
7,5;8,4
12,00;16,1
11,00;11
13,00;13,3
12,00;12,9
8,00;5,5
13,00;14,6
12,00;14,5
10,00;10,5
15,00;32,3
7,00;5,9
10,00;12,3
3,00;3,9
6,00;4,1
7,00;4,3
10,00;7,4
11,00;7,3
2,00;3,3
2,00;4,1
14,00;19,9
18,00;22,4
18,00;20
15,00;14,4
14,00;13,1
4,00;3,4
4,00;4,3
4,00;3,9
9,00;19,5
11,2;19,8
10,67;21,1
9,00;15
11,36;13
6,67;8,5
11,7;23,5
6,67;14
9,00;19,2
8,67;18
6,00;8,5
7,33;11,8
8,00;13,8
6,67;19
12,7;4,3
12,00;25,6
13,00;24,5
12,00;18,8
10,00;20,3
12,00;25,5
11,00;16,6
9,00;23,4
8,00;20,3
9,00;14,5
10,00;22,8
8,00;17,3
11,00;14,9
1,7;17,6
12,00;15,4
10,00;19,2
10,00;13,5
6,00;5,3
10,00;13,9
12,00;25,2
6,00;4,5
9,00;17,1
5,00;6
11,00;17,5
6,00;6,5
8,00;9,2
7,00;11,6
4,00;5
10,00;21,6
12,00;20,6
8,00;15,6
10,00;11,3
6,00;5
11,00;12
8,00;9,6
6,00;4,2
1,8;9
7,00;9,3
3,5;10,4
5,00;5,5
8,00;10
11,00;15,2
8,00;5,2
6,00;5,6
8,00;11,5
8,00;7,6
9,00;10,3
2,5;3,3
8,00;8,3
4,5;6,3
7,00;9,6
8,00;9,8
0,8;6,6
10,00;10,8
8,00;12,2
6,00;4
10,00;16,3
12,00;16,7
6,00;5,7
8,00;7,11
7,00;8,8
6,00;3,5
7,00;8
1,7;16,1
5,00;4,9
13,00;21,8
5,00;4
5,00;2,9
5,00;4,2
6,00;3,7
3,00;3,7
5,00;4
2,00;3,2
5,00;3,2
5,00;3,2
4,00;3,9
13,00;26,7
13,00;24,6
12,00;19,3
10,00;21,5
12,00;16,9
10,00;23,7
8,00;20,1
9,00;14,5
10,00;23
12,00;15,3
13,00;16,2
11,00;19
12,00;14,7
4,00;5,5
11,00;14,3
13,00;26
3,00;4,6
11,00;17,2
3,00;5,9
12,00;17,8
9,00;9,5
8,00;11,3
2,5;5,1
12,00;21,8
12,00;21,2
10,00;15,8
9,00;11,4
6,00;5
12,00;12,1
9,00;9,6
4,00;4,2
3,00;9
3,00;9,4
4,00;10,4
4,00;5,4
5,00;10,1
12,00;15,5
3,00;5,2
7,00;6
9,00;12
8,00;7,8
9,00;10,3
8,00;8,3
5,00;5,7
8,00;10,1
8,00;10
1,00;7
11,00;11,8
9,00;12,6
6,00;3,9
14,00;16,5
13,00;17,1
7,00;7
8,00;8,1
8,00;8,8
6,00;3,5
10,00;18,4
10,00;8,7
8,00;14,4
5,00;6
16,00;24,4
5,00;6,5
13,00;22
3,5;3,6
4,00;3,7
3,00;3,7
12,00;16,9
15,00;26
5,00;4,9
8,00;9,7
5,00;3,3
7,00;4,7
6,00;4
4,00;3
5,00;3,6
3,00;3
14,00;19,9
5,00;4,1
5,00;3
5,00;4,2
7,00;4,7
4,00;3,6
4,00;4,3
9,00;10,9
1,5;3,3
4,00;3,5
6,00;5
3,00;4,2
1,5;3
0,5;6,8
5,00;10,5
12,00;16
3,00;5,2
7,00;6
10,00;12,2
9,00;8,2
9,00;10,4
8,00;8,9
5,00;5,8
9,00;9,8
8,00;10
4,00;7,2
11,00;13
9,00;13,2
6,00;4
8,00;7,5
8,00;8,5
8,00;9,2
8,00;3,6
2,00;3,3
4,00;3,6
6,00;5,1
4,00;4
2,00;3
11,7;15,1
5,2;11,9
7,2;13,2
5,7;14,2
6,00;8,5
7,4;10
7,4;6,4
6,7;6,3
4,00;3,1
4,7;2,9
4,5;5,1
6,7;8,6
7,9;10,4
4,5;5,4
4,9;5,2
6,9;10,2
4,4;5,2
4,3;7,1
5,7;6
6,9;8,4
6,68;9,1
6,06;9,7
6,2;4,8
7,5;9,3
5,9;7
9,3;18,9
4,7;17
11,00;18
13,4;19,4
11,3;9,6
8,33;15,2
11,3;12,3
5,6;4,3
7,6;8,2
10,7;18,8
8,7;13,8
10,7;17,9
10,4;17,2
7,4;7,2
8,7;12,2
8,7;9,9
9,4;12,7
10,7;18,2
4,2;3,4
4,2;2,6
10,7;16,7
8,2;9,8
7,00;11,4
7,5;7,4
7,5;12,3
8,00;11,3
8,17;12
2,67;10
16,2;12,85
6,33;14,7
18,7;18,9
4,33;5,7
7,83;9,7
8,17;11,3
9,00;12
8,67;11,5
8,00;12,9
6,33;9,8
8,17;10,2
5,00;8,4
4,83;8
3,5;4
2,33;2,9
7,00;12,9
8,17;10,8
8,00;9,5
6,67;10,1
9,33;14,7
7,33;7,1
6,00;6
4,5;11,2
4,83;7
15,7;4,6
10,00;19,3
10,00;14,3
13,00;20
10,00;13
6,00;4
10,00;11,5
8,00;8,1
12,00;17,9
10,00;11,6
12,00;22,3
12,00;19,8
10,00;15,2
8,00;9,3
10,00;8,1
12,00;23,1
12,00;19,2
12,00;12,3
12,00;17
10,00;9,6
12,00;22,3
10,00;12
9,00;10,1
9,00;8,1
3,00;4,2
10,00;13,7
10,00;9,3
12,00;13,7
8,00;8
9,00;9,6
6,00;4,4
10,00;14,8
10,00;10,8
6,00;6,9
8,00;5,3
6,00;8,5
4,00;3,4
6,00;5,9
6,00;3,4
6,00;3,7
7,00;2,8
9,00;5,9
6,00;3
6,00;3,4
15,00;17,5
8,00;6,8
8,00;6,9
12,00;7,9
12,00;21,2
12,00;10,5
12,00;15
12,00;14,4
7,00;3,9
10,00;8,2
15,00;19,7
15,00;20,5
15,00;17,3
13,00;24,5
8,00;10,1
8,00;8,2
12,00;14,6
10,00;14,1
9,00;11
9,00;4,3
9,00;11
4,00;5
4,5;5,5
4,00;8,8
4,00;3,4
5,00;3,1
8,00;6,4
15,00;19,1
8,00;10,2
12,00;14,2
13,00;13,8
9,00;12
18,00;13,1
12,00;17,2
12,00;10,2
14,00;12,5
15,00;12,5
10,00;11,6
7,00;9,2
7,00;4,7
9,5;13
10,00;12,7
16,00;14,5
10,00;6
12,00;12,3
30,00;27,8
12,00;8,2
21,00;16,6
20,00;21,2
20,00;13,2
7,5;6,1
9,00;6,5
6,00;4,6
15,00;8,1
22,00;19,1
20,00;10,3
21,5;15
20,00;23,5
18,5;21,6
23,00;36,5
10,00;17
15,00;17,5
8,00;5
18,00;13,2
10,00;15,5
8,00;4,5
6,00;4,5
20,00;22,6
9,00;6,5
7,00;4,4
3,5;3,1
5,00;3,3
20,00;11,2
23,00;16,2
22,00;15,4
6,00;3,5
7,5;5,3
4,6;9,2
5,9;9,4
4,9;6,8
4,5;3,9
6,2;8,5
6,2;6,5
6,3;6,9
5,9;6,6
4,3;3,7
5,8;8,8
4,3;9,5
6,00;9,1
7,2;11
7,1;10
5,7;6,1
5,8;8,6
6,5;9,3
6,7;7,9
4,1;4,3
6,00;7,4
5,2;4,2
5,3;7,9
4,5;4,7
4,8;7,8
4,7;7,4
2,3;6,5
9,7;15,4
7,7;10,3
6,7;10,3
6,7;6,5
8,00;11,9
7,66;10,5
8,03;11,5
4,7;8,9
5,13;12,7
7,2;13,4
6,5;8,8
11,00;17,2
5,23;5,6
10,4;9,2
9,00;10,7
1,7;11,6
9,00;11
1,7;12,5
6,7;9,5
10,36;9,6
8,2;8,4
7,00;8,4
14,7;3,4
3,7;3,9
19,7;4,4
4,3;3,2
1,7;5,4
10,4;12,4
9,00;10,5
23,1;9
7,7;10,2
11,00;14,2
4,2;3,6
4,8;4,2
8,2;6,7
20,2;6
8,00;11
11,3;3,3
12,3;7,3
9,5;17,8
10,03;13,5
13,00;15,4
2,5;11,9
8,00;17,5
13,00;10,4
15,00;13,5
15,00;12,4
10,00;11,7
5,00;8,7
7,00;4,8
8,00;4,5
10,00;13
16,00;15,7
5,00;6
2,00;11,6
5,00;3,4
20,00;29,6
18,00;18,5
20,00;17,1
20,00;21,6
20,00;13,5
8,00;6,6
10,00;6,9
6,00;4,6
18,00;8,1
22,00;20,2
20,00;10,4
20,00;13,1
20,00;23,7
18,00;20,4
23,00;39,8
13,00;21,7
12,00;13,5
6,00;3,9
11,00;11,9
10,00;8,2
20,00;18,4
10,00;11,8
15,00;19,1
7,00;17,7
13,00;22,5
11,00;15,4
9,00;9,2
10,00;8,1
12,00;23,1
12,00;20
12,00;12,5
12,00;17,3
10,00;9,9
3,00;17
13,00;23,1
11,00;12,3
9,00;10,1
10,00;8,2
3,00;5,2
10,00;14,1
10,00;9,4
12,00;13,9
4,00;4
9,00;10,2
6,00;4,3
10,00;14,7
10,00;11
5,00;8
8,00;5,5
6,00;8,7
4,00;3,6
18,00;12,8
4,00;15,2
8,00;6
7,00;5,1
20,00;23,6
5,00;2,7
5,00;2,6
5,00;3,6
4,00;3,6
9,00;7,4
8,00;4,5
10,00;9,8
2,5;3
2,5;3
18,00;13
20,00;11,6
3,00;3,4
23,00;16,6
22,00;15,5
4,00;3,1
5,00;3,1
5,00;3,9
5,00;4,3
3,00;2,6
2,5;3,8
9,00;6,3
5,00;3,4
6,00;4,4
8,00;5,7
8,2;11
3,25;4,4
8,78;22
8,7;8,4
3,7;2,7
12,52;22
11,7;13,9
7,92;18
3,4;2,9
5,42;10,5
8,64;18,7
8,78;16,8
3,8;4,4
5,08;6,7
3,4;4,1
3,4;7,4
9,49;6,7
4,7;13
6,2;12,9
3,1;6,2
7,36;14,6
6,39;6,1
6,00;10,7
8,00;3,9
6,00;6,9
15,00;24,2
16,00;31,5
15,00;24,5
12,00;13,6
15,00;22,9
15,00;15,6
15,00;15,9
10,00;6,2
13,00;21,3
14,00;13,2
12,00;5,7
15,00;16,6
10,00;7,1
9,00;6,2
10,00;8,1
15,00;21,4
15,00;22
7,00;10,1
12,00;15,1
8,00;6,8
15,00;19,6
15,00;15,2
3,00;11,6
8,00;10,4
14,00;20,2
6,00;8,2
4,00;11,7
12,00;13,8
6,00;5,9
7,00;7,5
14,00;13
12,00;21,4
8,00;9,4
6,00;8,7
15,00;14,8
9,00;6
9,00;12,4
7,00;9,8
9,00;10,8
15,00;20,6
8,00;11
12,00;9,3
10,00;5,8
10,00;7
8,00;11
6,00;
7,00;5,1
10,00;6,8
6,00;
6,00;2,4
14,00;20,2
12,00;17,7
15,00;24,7
7,00;5,2
7,00;3,9
6,00;4
6,00;7,2
12,00;8,3
8,00;
13,00;25
14,00;15,5
12,00;10,7
0,5;
8,00;3,9
6,00;6,8
15,00;24,3
16,00;31,4
15,00;24
12,00;13,7
15,00;23,2
15,00;15,5
15,00;14,9
10,00;6,2
13,00;21
11,00;9,2
15,00;15,2
12,00;7,7
15,00;16,3
10,00;7,1
9,00;6,3
10,00;8
15,00;20,1
15,00;22
7,00;10,1
12,00;14,8
8,00;6,7
15,00;18,7
8,00;7,2
14,00;12,9
6,00;4,7
8,00;11,7
8,00;10,4
6,00;12,1
14,00;20,3
6,00;7,2
4,00;11,7
12,00;13,5
3,00;8,1
7,00;7,4
8,00;16,7
14,00;13
8,00;4,3
12,00;18,2
8,00;9,5
6,00;8,6
15,00;14,3
9,00;6
9,00;12,5
7,00;9,2
9,00;10,7
15,00;19,1
8,00;9,2
12,00;10,7
10,00;5,8
10,00;7
13,00;16,1
8,00;11
6,00;5,9
7,00;5,1
7,00;3,7
10,00;6,3
6,00;4,1
6,00;3,4
14,00;20
12,00;17,8
15,00;23,8
7,00;4,9
7,00;3,9
6,00;3,9
6,00;7,6
12,00;8,1
8,00;7,3
13,00;24,2
12,00;10,2
14,00;16,4
0,5;8,4
8,00;3,9
6,00;6,6
15,00;24
15,00;31,8
14,00;23,9
12,00;13,6
13,00;11,1
15,00;23
15,00;15,7
15,00;14,9
10,00;6,3
12,00;20,6
10,00;9,2
15,00;15,2
12,00;7,7
15,00;16,2
10,00;6
10,00;7,2
6,00;6,2
9,00;6,1
10,00;8
15,00;19,3
14,00;23,4
7,00;9,9
12,00;14,8
8,00;6,7
15,00;17,9
8,00;7,1
14,00;13,7
5,00;4,3
4,00;11,2
8,00;11,5
10,00;12
14,00;20,3
8,00;7,8
3,00;9,4
12,00;13,2
6,00;8,1
6,00;7,3
12,00;16,6
14,00;13,3
7,00;4,1
10,00;20,5
8,00;9,5
6,00;9,2
6,00;8,8
15,00;13,9
8,00;5,9
9,00;12,3
8,00;9,5
6,00;8,9
8,00;10,7
15,00;18
7,00;9,3
12,00;10,3
8,00;5,5
10,00;5,5
8,00;5,5
10,00;7
10,00;4,9
12,00;15,9
6,00;10,7
6,00;4,8
6,00;4,2
7,00;4
8,00;6,1
6,00;5,4
4,00;3,3
6,00;2,6
6,00;3,2
14,00;19
12,00;18
14,00;23,4
2,00;8,9
6,00;4,5
7,00;4
6,00;3,7
5,00;4,1
6,00;7,7
8,00;6,8
12,00;8
12,00;23,4
12,00;10
13,00;16,9
4,00;6,8
8,3;13,3
5,00;5,3
7,9;21,9
7,6;11,9
10,57;20,7
13,2;18,7
4,8;10,1
8,2;8
7,2;6,4
5,7;5,9
6,3;8,4
6,3;5,7
6,6;11,6
7,4;10
7,4;15,2
3,9;7,4
7,44;16,4
6,00;6,8
3,9;3,1
3,7;4,3
18,7;9,5
8,00;10,4
29,7;13
19,7;8,3
16,2;5,7
13,7;4,7
4,1;7,15
5,7;12,65
4,2;4,9
8,2;22,8
13,1;19,45
10,3;18,1
5,7;9,85
7,5;17,25
7,2;6,65
5,4;5,3
4,2;2,9
3,88;5,7
4,7;7,55
8,95;10
7,1;7,75
6,3;13,8
8,7;13,8
4,7;7,05
7,2;16,4
7,00;12,15
4,85;9,65
6,00;6
4,00;3,6
7,00;6
7,00;5,8
8,00;7,5
5,00;5,8
7,00;7,8
7,00;6,8
9,00;24,5
15,00;32,5
17,00;27
20,00;10
20,00;23,1
17,00;22,9
6,00;11,1
18,00;25,6
9,00;6,5
5,00;19,9
7,00;20,1
9,00;15,5
20,00;18,7
14,00;13,5
6,27;11,6
3,85;4,7
9,51;22,2
5,8;10,1
4,05;3,9
9,72;22,1
6,29;13,5
9,09;23,5
4,42;10,9
6,28;18,7
6,4;17,3
4,32;5,5
4,4;3,2
4,76;7,1
4,1;4,4
3,55;7,5
4,9;8,2
5,00;7,9
5,5;13,3
4,7;5,8
6,99;15,3
5,62;7,1
5,4;11,4
3,94;8,9
4,8;3,1
4,1;6
8,2;10,8
6,6;4
12,6;11,1
5,00;22,3
8,8;8,1
3,6;2,5
11,9;22
11,00;14
10,6;19,5
10,00;18,1
4,3;2,6
4,8;10,3
6,3;20,2
9,4;9,3
5,1;17,2
4,2;3,09
2,2;4,2
5,2;6,7
3,7;3,5
2,9;3,3
2,6;2,7
2,4;3,1
2,9;4
3,00;7,4
5,7;7
3,9;5
1,8;2,5
5,8;6,4
4,2;6,4
2,9;4
4,6;4,4
3,5;3,6
6,9;13
4,3;3,5
4,8;7,9
3,6;4,4
3,6;3,4
3,6;4,5
4,9;9,2
3,2;3,2
5,8;12,8
6,8;8,8
3,1;5,7
2,7;6,1
4,1;8,3
7,3;14,4
4,5;4,4
6,1;6
4,1;3,2
4,1;6,7
2,8;4,6
2,5;4,7
4,3;10,7
3,3;7,9
4,5;6,6
6,00;23,8
15,00;30,6
15,00;23,8
15,00;23,8
12,00;14,9
10,00;11,4
13,00;21,9
12,00;15,6
13,00;15
9,00;7,2
4,00;14,5
12,00;22,8
11,00;20,5
8,00;10
13,00;15,6
12,00;15,3
6,00;7,4
15,00;15,4
9,00;7,4
8,00;7,3
6,00;6,5
12,00;11
9,00;6,4
8,00;7,6
8,00;15,8
15,00;20,2
18,00;22,2
4,5;10,1
8,00;13,7
5,4;6,6
10,00;15,4
8,00;7,1
14,00;12,4
5,00;5,1
4,00;10,5
3,00;4
12,00;10,9
7,00;10,5
10,00;11,3
14,00;19,2
4,5;6,8
8,00;10,8
13,00;14,1
5,00;7,8
3,5;5,9
12,00;16,2
14,00;10,8
4,00;4,1
17,00;19,1
8,00;9,5
6,00;8,3
3,00;8,8
6,00;6
9,00;12,9
7,00;9,4
6,00;8,6
8,00;10,6
10,00;17,5
7,00;9,2
12,00;10
8,00;5,5
6,00;5,3
6,00;5,6
10,00;7
5,00;5,1
12,00;15,8
7,00;9,8
2,8;4,3
6,00;15,3
4,5;4,4
3,5;4,2
4,5;4,7
3,00;3,8
3,00;4,2
3,00;2,9
3,00;2,6
3,00;2,8
8,00;7
7,00;7
2,5;3,7
13,00;18,5
13,00;18,2
6,00;20,1
5,84;7,5
3,75;5,8
6,00;9,6
7,63;13,1
8,43;16,9
3,7;4,6
8,21;14,3
4,3;3,9
5,88;4,3
11,3;20,6
4,6;2,6
9,9;12,8
9,7;20
7,01;8,1
3,74;5
4,64;3,8
4,7;4
10,23;15
3,8;3,2
6,65;9,7
3,00;2,8
3,82;4,2
4,02;2,6
4,02;2,8
6,39;6,9
9,00;8,2
12,00;17,8
9,00;8,4
16,00;30,6
15,00;22,3
10,00;16
15,00;27,1
12,00;23,5
14,00;23,9
7,00;19,5
10,00;17,7
14,00;10,5
14,00;11,2
14,00;12,3
15,00;15
10,00;9,6
13,00;9,2
14,00;10,5
14,00;15,9
13,00;24,1
12,00;17,8
9,00;8,3
16,00;30,9
15,00;22,3
10,00;15,8
9,00;8,3
15,00;26,8
13,00;24,1
12,00;22,5
14,00;23,6
7,00;19,3
14,00;10,3
14,00;12,8
14,00;12
15,00;15,2
11,00;12,6
14,00;15
14,00;14,5
15,00;12
15,00;9,5
15,00;13
12,00;12,4
14,00;13,3
11,00;7,9
12,00;8,7
14,00;13,3
15,00;14,7
13,00;12
15,00;14,7
13,00;5,8
13,00;12,1
14,00;9
13,00;14
12,00;10,2
12,00;11,9
14,00;11,2
15,00;11
14,00;8,8
15,00;11,5
12,00;7,2
10,00;8,9
15,00;13,6
13,00;12,3
10,00;5,4
15,00;13,2
15,00;11
15,00;11
15,00;13
13,00;9,5
14,00;13,7
13,00;9
14,00;11
14,00;13,3
10,00;17,8
12,00;17,8
9,00;8,2
16,00;30,1
15,00;22
10,00;16,3
9,00;8,3
15,00;26,4
12,00;24
12,00;22,4
14,00;23,5
7,00;18,4
14,00;9,5
6,00;10,3
14,00;11,7
14,00;13,3
15,00;14,3
10,00;13,1
13,00;14,4
13,00;13,8
15,00;11,6
15,00;9
17,00;13,5
12,00;12
13,00;13,1
10,00;7,8
12,00;8,5
13,00;12,9
15,00;13,9
12,00;7,2
12,00;13,5
15,00;14,2
12,00;5,7
12,00;13,2
13,00;9
12,00;13,4
11,00;10,2
14,00;11,4
13,00;10,8
15,00;10,8
14,00;8,6
15,00;11,5
11,00;7,2
10,00;8,5
15,00;13
13,00;12
10,00;5,3
15,00;12,6
15,00;10,2
14,00;10,6
15,00;12,7
12,00;9,4
11,00;6,2
14,00;13,3
13,00;8,7
14,00;9,2
10,00;5,9
14,00;14,2
9,00;17,4
6,3;8,6
11,7;15,1
5,5;2,9
6,3;10,8
8,2;20,1
7,2;17,1
5,00;6,8
4,75;4,1
4,5;5,8
12,2;22
12,2;21,9
7,2;8,2
9,3;17,7
2,8;5,8
5,2;5,5
6,2;8,45
5,7;14,8
7,99;11,3
9,64;20,8
7,2;17,2
5,2;5,5
4,3;3,15
4,75;5,5
14,2;21,65
12,2;22,75
7,2;8,3
13,1;15,4
11,69;16,85
4,00;5,7
4,00;5,4
10,00;13,3
10,00;15,3
10,00;14,9
10,00;12,1
10,00;9,7
10,00;13,1
10,00;12,5
10,00;13,5
10,00;7,9
10,00;8,2
10,00;13,4
12,00;7
12,00;13,7
5,5;7,9
3,94;6,2
5,5;11,2
6,9;18,2
9,08;17
3,7;4,8
9,1;20,6
8,62;21,4
5,51;8,4
3,9;5,5
3,4;4,9
4,1;4
10,57;15,4
3,55;3,4
4,2;3,1
8,51;15,2
4,3;4,7
4,00;3
3,9;4,4
5,4;6,7
3,5;4,7
6,1;12,8
3,5;8,8
10,00;14,8
12,5;17
2,8;2,5
3,1;4,9
3,6;3,2
7,3;10,2
4,7;4,5
10,00;13,8
6,5;6,1
4,5;2,7
6,3;3,6
6,3;3,5
7,4;4
17,5;19,4
4,5;2,6
7,3;3,4
12,8;11,7
15,5;19,7
8,2;8,1
6,1;4,5
7,8;4,5
5,4;3,5
11,9;14,4
2,7;2,7
7,8;8,9
7,6;3
2,4;4
2,9;2,8
2,00;3,9
3,9;3,6
12,00;8,5
11,5;8,6
12,5;9,6
13,00;10,6
13,00;10,7
12,00;11,9
13,00;10,3
13,5;11,1
9,00;4,5
11,00;7,8
13,5;10,8
12,5;8,9
11,5;7,1
12,3;10,3
12,00;9,1
12,00;9,6
11,00;6,4
11,5;8,1
11,5;7,8
8,00;4,6
11,5;7,4
13,00;9,6
11,00;5,3
11,00;7,4
10,5;7,7
12,00;8,2
14,00;10,2
10,00;5,7
13,5;10
10,00;6,3
9,5;4,7
9,5;5,4
13,00;10,3
9,5;4,3
9,00;3,7
10,00;5,1
11,5;6,1
12,5;9,6
11,00;7,9
10,5;6,8
11,00;7,2
3,5;5,1
10,5;5,6
10,5;5,6
12,5;9,7
11,5;5,9
12,00;8,4
15,5;9,5
12,00;9
12,00;8,8
11,00;7
12,00;7,7
9,00;6,8
13,00;9,3
11,00;6,4
11,00;6,1
11,00;6
12,5;8,3
11,00;6,5
10,5;6,5
12,5;9
11,00;6,2
8,5;5
11,00;7
13,00;10,2
13,00;9,3
11,5;5,11
11,5;5,6
13,00;9,5
13,00;8
12,00;8,3
13,00;9,8
11,00;6,6
10,00;6,6
11,00;7,6
10,00;5,2
11,00;6,3
10,5;4,7
14,00;12,4
11,00;7
11,00;7,9
11,5;8,1
9,00;5
9,00;5,1
9,5;5,8
11,5;7,9
8,00;5
8,00;3,4
11,5;8,1
10,5;8,2
10,00;16
9,00;8
15,00;29
14,00;18,8
9,00;15,8
9,00;8,1
15,00;25,6
13,00;21,5
15,00;25,2
12,00;23,3
7,00;17,6
14,00;8,8
11,00;9,3
15,00;10,6
12,00;11,2
14,00;12,4
14,00;13,2
15,00;12,2
17,00;13,5
17,00;13,3
15,00;10,6
15,00;8,5
17,00;12,6
11,00;11
15,00;11,8
15,00;7,8
14,00;8,5
12,00;8,1
15,00;11,2
12,00;5,1
13,00;12,8
10,00;6,2
14,00;12,5
14,00;5,8
13,00;12,9
14,00;4,9
12,00;5,8
14,00;12,1
14,00;8,8
12,00;7,2
12,00;6,2
14,00;12,4
12,00;10
14,00;10,8
12,00;10,5
14,00;10,11
14,00;7,3
14,00;8,6
13,00;6,8
12,00;10,8
10,00;6,6
14,00;11,4
10,00;7,7
14,00;12,8
13,00;11,4
10,00;5,4
14,00;11,5
12,00;8,3
12,00;9,6
13,00;11,8
12,00;7,1
10,00;6,3
10,00;5,4
14,00;13,6
12,00;8,5
14,00;8,7
13,00;23,6
10,00;5,8
9,6;20,3
5,94;20,9
12,2;22,6
4,35;2,4
7,8;11,8
6,3;5,1
3,7;4,3
4,4;3
5,7;2,5
6,5;9
3,64;3,5
3,94;3,7
6,8;6,5
6,19;11,2
10,64;15
10,7;12
5,35;6,7
3,96;2,6
3,92;2,5
3,74;2,7
9,32;12
22,00;25,5
10,00;7,9
10,00;9,9
15,00;14,2
12,00;15,8
15,00;16,4
15,00;23,8
12,00;8,3
7,00;5
15,00;11,2
6,00;5,7
12,00;25,1
15,00;27,9
15,00;26,1
15,00;26,3
15,00;20,3
12,00;17
13,00;17,9
9,00;9,8
8,00;9,5
10,00;7,2
9,00;8,5
12,00;13,7
12,00;12,6
8,00;9,5
10,00;14
10,00;7,6
8,00;8,4
12,00;18
7,00;8
15,00;14,7
10,00;10
13,00;14
12,00;8,2
10,00;6,9
15,00;8,5
15,00;16,4
15,00;11,5
15,00;13,7
15,00;12,4
15,00;11,2
15,00;16,4
15,00;16,4
12,00;8,98
12,00;11,8
10,00;9,9
8,00;8,2
12,00;14,4
7,00;4
7,00;3,8
7,00;3,9
8,00;6,3
6,00;3
7,00;2,9
6,00;3
15,00;13,9
6,00;3,5
6,00;4,1
5,00;3,1
9,00;5,5
7,00;3,7
6,00;3,2
6,00;4,1
7,00;3,9
15,00;14
15,00;14,2
6,00;7,8
4,00;3,1
4,00;2,5
9,00;5,7
9,00;7,6
6,00;5,6
5,00;2,8
8,00;5,4
12,00;10,5
3,00;3,2
12,00;16,7
6,00;2,9
8,00;4,5
6,00;2,8
8,00;3,2
3,4;3
7,00;4,2
7,00;4,1
6,00;3,2
6,00;3,2
5,00;3,6
7,00;3,2
6,00;3,2
4,00;2,6
8,00;4
8,00;4
12,00;16,5
6,00;5,2
12,00;12,3
9,00;5,8
12,00;11,9
9,00;5,6
6,00;4,6
7,00;5
8,00;5,8
10,00;5,8
10,00;8,8
8,00;4,3
7,00;4,1
12,00;7,5
10,00;6,6
8,00;3,6
9,00;5,5
10,00;4
8,00;4,1
8,00;6,9
6,00;4,3
7,00;5,1
7,00;4,6
8,00;3,8
7,00;4,7
12,00;11,2
8,00;4,3
6,5;5,3
12,00;8,8
12,00;13,2
5,00;9,6
11,00;17
13,00;12,4
9,00;6,2
12,5;12,3
9,00;6
4,00;4,7
7,00;5,7
10,00;5,8
8,00;4,4
7,00;4,1
10,00;7,8
10,00;6,7
8,00;3,6
9,5;5,9
8,00;4
8,00;4,5
8,00;7,4
6,00;4,4
7,5;5,4
8,00;4,7
8,00;3,8
14,00;19
14,00;10,2
13,2;23,5
9,7;18,5
4,7;3,5
11,7;21,2
11,3;24,8
8,12;16,4
5,27;4,1
5,2;2,9
5,27;6
5,27;5,7
6,00;6,8
7,9;12,4
8,6;6,9
8,3;11,2
8,5;13,7
6,5;5,7
11,1;16,4
5,5;3,7
6,5;7,6
15,00;28,6
12,00;20,5
10,00;9,2
12,00;13,3
10,00;9,8
10,00;14
10,00;7,7
10,00;18,2
12,00;10,9
6,00;3,3
12,00;7,2
13,00;15,8
15,00;16,4
15,00;23,9
12,00;8,2
15,00;11,4
15,00;14,7
12,00;9,9
13,00;14,8
13,00;8,3
11,00;7,5
15,00;8,4
15,00;16
15,00;11,8
15,00;13,9
15,00;12,7
15,00;11,3
16,00;16,9
15,00;15
4,00;8,1
5,00;4
7,00;3,9
7,00;3,9
9,00;6,4
6,00;3
4,00;2,8
15,00;14
6,00;3,9
5,00;3
10,00;5,8
6,00;3,8
6,5;4,6
15,00;14,2
15,00;14,7
6,00;3,2
5,00;2,5
9,00;6,1
6,00;2,9
8,00;4
6,00;3
5,00;2,7
5,00;3
6,00;4,2
4,00;3,3
7,00;3,1
6,00;2,7
2,00;2,5
6,00;2,7
6,00;3,1
7,00;4,6
7,00;4,6
20,7;25,7
13,00;5,2
9,6;7
3,68;21,5
22,7;17,5
18,7;8,1
18,7;11,5
12,7;4,5
12,7;9
12,7;6,8
12,7;7,6
13,91;7,6
20,67;13,5
10,7;4,4
11,7;7,9
18,2;12,4
16,00;13
13,5;12,1
12,00;12,9
10,5;8,7
16,00;18,5
11,5;7,6
17,00;11,1
9,5;7,8
11,5;9,4
12,00;12,8
10,5;8,4
9,00;11,5
8,5;6,4
8,5;5,6
9,5;8,6
10,8;7,9
12,5;12,8
12,00;10,4
12,5;10,8
13,00;10,6
11,00;10,3
14,5;13,1
9,00;5
13,5;12,1
12,00;10,5
13,00;10,9
11,5;8,9
9,00;7,5
5,00;6
5,5;6,1
14,5;10,7
4,5;7,5
8,00;6
11,5;8,2
8,00;6,5
10,00;5,3
12,5;6,8
8,5;7,8
7,5;6,8
16,67;23,1
3,5;2,6
7,2;21,35
17,57;23,95
3,7;2,8
6,7;12,35
3,6;3,15
8,6;10,95
8,22;13,4
4,00;9,05
4,5;3,95
5,5;4,4
12,7;16,9
5,1;7,95
5,7;3,65
13,1;14,5
7,9;7,45
18,00;15,5
12,00;17,9
16,00;25,9
5,00;12,6
23,00;29,9
20,00;29,5
18,00;30,4
17,00;22,1
12,00;8,1
8,00;10
23,00;15,5
7,00;9,5
15,00;17,9
18,00;20,5
18,00;14,5
20,00;26
22,00;14,2
6,00;6,8
10,00;16,2
7,00;7,7
10,00;7
15,00;8,2
8,00;6,2
4,00;4,2
12,00;25,3
12,00;28
12,00;27
12,00;20,4
12,00;18,9
12,00;6,9
12,00;9,2
12,00;13,2
12,00;9,6
12,00;14,7
12,00;7,6
12,00;8,8
12,00;18,1
12,00;8,3
12,00;15,6
12,00;5,5
12,00;10,8
12,00;17
12,00;3,3
12,00;7,1
10,47;22,9
4,2;2,8
7,72;20,9
5,05;20,9
10,68;23
5,37;12,4
4,2;2,9
7,15;12,7
4,2;3
3,7;9
4,2;3,7
3,7;4
9,03;16,1
4,5;7,7
4,1;3
9,45;14,5
3,74;2,9
17,5;22,7
14,2;20,3
10,6;22,2
6,00;3,5
10,6;12,1
8,6;5,7
3,4;4,1
5,9;3,1
4,8;3
5,2;2,7
12,1;7,6
5,8;2,9
5,3;4,1
5,3;3,5
11,1;6
10,1;11,4
11,6;14,7
6,6;11,5
7,4;6,6
2,2;12
12,00;15
12,00;15,9
14,00;15,6
14,00;22,3
6,00;8
6,00;8,4
10,00;10,3
3,5;3
18,00;25,3
15,00;21,3
5,00;7,1
15,1;24,9
18,00;25,7
12,00;20
15,6;15,5
15,00;17,6
12,00;9,3
10,00;9
8,00;6,9
4,00;11
8,00;8
10,00;11,7
5,5;11,1
9,00;7
15,00;10
12,00;12,4
6,00;7,7
8,00;8,5
8,00;17,1
6,00;7,2
12,00;14,1
13,00;9,3
14,00;13,7
8,00;7,1
4,00;5,2
10,00;9,8
15,00;8,5
10,00;14,8
4,00;11
11,7;12
12,00;11,1
10,00;10,8
13,00;15,5
12,00;14,9
6,00;7
9,00;8,8
12,00;9,9
18,00;28,8
12,00;13,8
3,00;2,8
4,00;4,4
4,00;4
3,00;3,2
3,5;3,5
4,00;4,8
5,5;5,5
4,00;2,7
3,00;2,5
3,00;2,8
4,5;8
3,5;3,3
4,00;3,9
3,5;3,8
3,5;2,8
4,5;5
3,5;4,8
3,5;3,6
3,5;3,8
3,5;3,1
3,5;4
3,5;3,8
12,00;13,5
12,00;13,8
6,00;6,8
3,8;2,9
2,5;2,5
3,5;2,5
4,00;4,2
4,00;4,5
4,00;5
5,00;5
4,5;6,3
6,00;6,8
4,5;4,8
5,00;12,2
8,00;4,2
5,00;3,7
6,00;4,2
8,00;5
5,00;4,8
6,00;4,3
3,00;4,2
4,00;4,1
11,00;7,3
10,00;8,8
9,00;6,2
7,00;3
10,00;5,5
7,00;6
8,00;7,4
7,00;5,4
8,00;6,7
10,00;5,1
8,00;5,6
6,00;3,2
8,00;7,3
11,00;10,6
11,00;7
7,00;3,5
6,00;2,6
11,00;6
10,00;6,8
10,00;5,9
9,00;5,3
11,00;6,4
6,00;2,6
6,00;3,9
12,00;8
9,00;6,2
10,00;6
8,00;3,1
3,00;5
8,00;8,2
5,00;4,1
6,00;5,7
10,00;10,5
10,00;10,6
7,00;4,3
7,00;5,4
5,00;5,6
6,00;5,5
8,00;10,2
4,00;3,9
6,00;5,3
7,00;8,4
5,00;5
7,00;8,8
7,00;9,4
7,00;8,6
2,5;3,5
6,00;6,3
7,00;9,5
6,00;8,1
5,00;5
5,00;4
7,00;7,2
5,00;3,9
8,00;7,2
6,00;6,3
4,00;3
4,00;4,1
5,00;5,2
4,00;3,3
5,00;4,6
5,00;4,2
5,00;4
5,00;4,5
5,00;5,8
4,00;3,4
5,00;4,2
5,00;5,5
5,00;4,5
6,00;5,3
5,00;4,3
4,00;3,1
7,00;6,2
4,00;7,8
5,00;4,2
5,00;5,2
7,00;11,4
4,00;3,3
3,5;3,5
3,5;3
10,00;6
10,00;8,1
9,00;4,5
11,00;6,6
10,00;5
12,00;10
7,00;5,9
7,00;4
7,00;4,2
10,00;6,3
12,00;8,8
7,00;3,3
11,00;9,2
9,00;4
10,00;7,2
10,00;6,4
7,00;4
9,00;7
8,00;5
10,00;6,3
9,00;7,1
8,00;6,3
8,00;5,7
8,00;4,2
8,00;4,2
10,00;8,1
7,00;5,7
10,00;8,8
9,00;7,4
7,00;4,5
8,00;7,1
6,00;3,1
5,00;3,6
8,00;7,8
7,00;6,8
10,00;8,4
6,00;3,4
6,00;3,3
6,00;4,3
9,00;7
10,00;6,2
6,00;3,7
7,00;6,4
8,00;6,7
2,00;2,5
8,00;5,1
4,00;3,1
10,00;8,2
6,00;3,1
9,00;7,2
10,00;7,6
6,00;5
9,00;7,3
4,00;2,9
8,00;5,1
9,00;6,1
10,00;7,5
8,00;3,2
4,00;3
10,00;10
9,00;6,1
8,00;6,7
6,00;3,1
10,00;10,4
18,00;22,4
12,00;10,2
10,00;7
2,5;4,1
6,00;5,3
9,00;5
7,00;3,6
10,00;5,1
18,00;20,9
10,00;8,3
14,5;13
8,00;6,4
12,00;15,5
12,00;10,4
12,00;15,8
7,00;6
7,00;5,9
12,00;8
6,00;4,1
12,00;4,4
0,5;9,1
3,00;10
8,00;4,5
0,6;10,3
0,5;4,5
0,8;8,2
5,00;4,2
1,00;4,4
4,00;7,2
7,00;7,4
4,00;9,7
7,00;5,7
4,00;5,9
8,00;6
6,00;5,8
5,00;3,8
6,00;4,6
5,00;4,3
5,00;4,1
7,00;3,9
10,00;11,5
10,00;10,3
10,00;7
10,00;9,5
10,00;9,2
8,00;7
12,00;8,8
10,00;7
10,00;10,5
7,00;5,4
10,00;9,6
7,00;6,7
9,00;7
2,5;3
8,00;12,2
18,00;15,5
4,00;3,6
4,00;6,8
6,00;3,2
3,00;3,5
7,00;6,6
7,00;11,4
7,00;6
10,00;11,6
4,00;6
7,00;3,1
5,00;4,2
4,00;2,6
7,00;5,4
7,00;6,5
5,00;5,6
7,00;5,6
5,00;2,9
6,00;4,7
7,00;7,3
5,00;3,7
5,00;5,2
7,00;4,5
6,00;3,9
5,00;4,6
6,00;9,8
10,00;7
9,00;7,1
6,00;3,1
10,00;7,6
9,00;5
10,00;6
10,00;6,3
9,00;8
9,00;6,4
10,00;6
10,00;6,5
9,00;5,4
9,00;5,5
8,00;3,2
9,00;6,3
10,00;6
9,00;6,4
10,00;6,7
10,00;5,2
10,00;4,7
10,00;6,3
10,00;3,9
10,00;2,9
10,00;5,6
10,00;4,5
10,00;3,2
10,00;6,5
1,8;7,8
9,00;5,1
9,00;8,4
8,00;8
9,00;7,1
9,00;4,9
8,00;5,1
8,00;6,5
9,00;4,2
9,00;5,4
8,00;5
9,00;6,6
9,00;7,9
8,00;4,2
9,00;4,9
8,00;5
9,00;3,1
8,00;5,4
8,00;6,5
9,00;4,9
8,00;4,9
8,00;4,5
8,00;7,2
8,00;4,2
8,00;4,6
8,00;3,5
8,00;3,2
8,00;2,7
10,00;6,6
6,00;2,9
8,00;3,3
8,00;5,7
8,00;4,3
6,00;4,5
6,00;4
8,00;3,1
8,00;4,9
8,00;4,6
8,00;4,5
8,00;5
8,00;5,5
6,00;3,5
6,00;5,5
6,00;8,5
6,00;4,4
5,00;6,5
5,00;5,3
5,00;6,8
7,00;8,6
7,00;4,1
7,00;5,6
7,00;5,1
7,00;2,9
7,00;4,3
5,00;3,5
5,00;6,5
5,00;4,4
5,00;3,7
5,00;3,5
5,00;4
6,00;6,4
6,00;7,4
6,00;4,3
6,00;5,6
6,00;2,9
6,00;4,5
6,00;4,3
6,00;4,5
6,00;5,1
6,00;3,3
6,00;4,2
6,00;5,2
6,00;3,3
5,00;3,4
5,00;2,7
6,00;3,3
6,00;3
6,00;3,3
6,00;6,6
6,00;3,6
6,00;3
6,00;3,6
7,00;5,5
7,00;5,6
5,00;4,3
5,00;4,9
7,00;4,2
7,00;6,1
9,00;4,2
9,00;6,5
7,00;3,5
7,00;5,6
8,00;4,5
10,00;5,6
10,00;5,5
10,00;4,4
10,00;5,1
10,00;4,3
8,00;3
10,00;5,4
10,00;6
8,00;3
8,00;4,6
10,00;7
6,00;3,8
10,00;10,1
8,00;4,2
8,00;7,7
10,00;8,8
10,00;9
7,00;4,8
7,00;4,6
10,00;10,5
8,00;4,9
10,00;6,9
7,00;4,9
10,00;5,6
10,00;7,8
10,00;6,6
8,00;5,3
9,00;4,8
9,00;8
8,00;7,3
8,00;5,7
8,00;5,6
9,00;6,3
9,00;4
7,00;6,3
8,00;8,3
4,00;2,5
7,00;5
6,00;4,1
6,00;2,6
7,00;4
8,00;4
1,5;2,8
7,00;6,7
7,00;4
7,00;4,1
7,00;5,3
6,00;2,8
8,00;5,1
8,00;5,7
7,00;6,7
10,00;5,6
7,00;5,6
6,00;3
8,00;3,5
8,00;5,8
8,00;2,6
10,00;4,3
10,00;5,8
6,00;5
5,00;3,2
7,00;3,2
8,00;4
8,00;4,1
8,00;7,7
8,00;5,4
10,00;5,9
10,00;6,9
8,00;5,5
10,00;6,5
8,00;4,2
10,00;4,3
10,00;5,7
8,00;7,1
10,00;6,7
8,00;4,8
8,00;6,2
7,00;3,8
10,00;5,7
10,00;7,7
9,00;7
8,00;7,5
2,5;2,8
10,00;5
6,00;3
10,00;7,8
7,00;6,7
4,00;3,7
7,00;5,7
7,00;3,6
7,00;7,1
7,00;5,1
7,00;5,6
7,00;3,3
7,00;6,7
7,00;6,5
7,00;4,5
7,00;7
7,00;7,9
7,00;3,3
7,00;6,1
7,00;3,7
7,00;7,2
7,00;6,3
7,00;3,1
7,00;3,3
7,00;4,4
7,00;6,2
7,00;6
7,00;3,1
7,00;6,5
7,00;4,9
7,00;2,7
7,00;7,4
7,00;6,2
7,00;7,9
7,00;5
7,00;9,8
3,00;3,2
7,00;6
5,1;3,1
10,00;6,4
10,00;4,7
10,00;4
10,00;6,2
10,00;7,17
10,00;2,8
10,00;7
10,00;4,5
10,00;7,2
10,00;8,5
10,00;7,2
6,00;4
5,00;3
10,00;7,8
8,00;4,8
3,00;2,9
8,00;3,2
10,00;6,4
4,00;3,3
8,00;5,3
8,00;7,3
8,00;6,1
10,00;6,2
8,00;4,5
7,00;5
8,00;7
6,00;3,7
8,00;6,2
6,00;3
7,00;3,9
10,00;6,4
10,00;7,2
7,00;4,2
10,00;6
8,00;6,2
10,00;7
6,00;4
8,00;4,6
6,00;3,8
6,00;4,6
9,00;7,4
9,00;6,5
10,00;7,8
4,00;3,5
10,00;8,3
10,00;8,5
6,00;4,9
4,00;3,1
10,00;8
8,00;5,1
8,00;7,3
8,00;5,5
9,00;7
10,00;8,1
10,00;9,9
6,00;3
9,00;8,4
5,00;3
5,00;4,2
5,00;4,6
5,00;5,7
5,00;3,1
7,00;5,5
7,00;7
7,00;4
7,00;3,1
7,00;7,6
7,00;4,6
7,00;2,7
7,00;3,7
7,00;3
7,00;6,7
7,00;5,7
7,00;3,2
7,00;6,3
7,00;2,7
7,00;3,1
7,00;3,9
7,00;3
7,00;2,9
7,00;5
7,00;7,4
7,00;9
7,00;8,7
7,00;6
7,00;4,9
7,00;3,7
7,00;8,9
7,00;3,1
7,00;3,5
7,00;2,7
7,00;2,9
7,00;4,1
7,00;3,4
7,00;3,9
7,00;3,8
7,00;5,2
7,00;3,3
7,00;5,5
7,00;3,2
7,00;7
7,00;6,2
7,00;6,8
7,00;3,6
7,00;7
7,00;6,4
7,00;3,4
7,00;4,2
7,00;4,2
7,00;2,6
7,00;6,5
7,00;3,2
7,00;2,8
3,7;5
3,9;5
5,4;4,3
5,2;4,1
4,00;3,6
4,3;3,6
3,7;3,6
10,00;10,4
18,00;21,5
12,00;10
8,00;7,8
7,00;6
9,00;4,9
9,00;5,5
11,00;6,9
18,00;20,8
18,00;16,5
10,00;8
14,5;12,2
8,00;6,5
12,00;14,8
12,00;10,2
12,00;15,5
7,00;6
7,00;5,8
20,00;12,8
12,00;6,9
6,00;4
8,00;4,4
12,00;10,3
6,00;4,1
12,00;13,6
10,00;7,8
8,00;6,8
7,00;4,7
7,00;5,6
7,00;5,1
7,00;5
12,00;10,1
10,00;9,5
8,00;6,3
9,00;7,5
7,00;6,5
10,00;8,5
10,00;8
8,00;7,2
12,00;9,8
9,00;7
10,00;10,1
6,00;5,5
8,00;9
7,5;6,5
7,00;6,8
9,00;7,1
12,00;4,3
10,00;7,4
18,00;13,6
11,00;6,1
9,00;4,4
7,00;5,5
7,00;5,8
7,00;6,7
7,00;5
7,00;5
7,00;5,5
7,00;4,8
7,00;4,8
7,00;5,5
7,00;4,6
7,00;5,5
7,00;7,2
7,00;4,5
7,00;5,3
7,00;6,2
7,00;5,5
7,00;6,7
7,00;5,3
7,00;5
7,00;5
7,00;5,8
7,00;5,7
7,00;5,3
7,00;4,6
7,00;4,9
7,00;4,7
7,00;5
7,00;4,5
7,00;5,7
7,00;4,6
7,00;5,2
7,00;5
7,00;4,5
7,00;6
7,00;4,5
7,00;4,7
7,00;4,5
7,00;7
7,00;4,8
7,00;5,5
7,00;6
7,00;4,8
7,00;6,5
7,00;4,5
9,00;5,3
9,00;5
9,00;4,6
9,00;5,4
9,00;5,5
9,00;5,3
9,00;5,4
9,00;4,6
9,00;4,5
9,00;5,8
9,00;4,5
9,00;4,6
9,00;6,6
9,00;4,9
9,00;4,5
9,00;5,2
9,00;5,2
9,00;5,2
9,00;5
9,00;6
9,00;5,6
9,00;5,2
9,00;5,1
9,00;5,2
9,00;5,3
9,00;5,9
9,00;5
9,00;5,5
9,00;5,3
9,00;6,8
9,00;5,3
9,00;5,4
11,00;5,9
11,00;5,8
11,00;5,5
11,00;6,8
11,00;7,2
11,00;5,8
11,00;7,2
11,00;10
11,00;6,3
11,00;6
11,00;6,8
11,00;6,8
11,00;5,3
11,00;6,7
11,00;6
11,00;5,5
11,00;6,5
11,00;5,9
11,00;6,8
11,00;7,6
11,00;6,8
11,00;5,5
11,00;6,8
11,00;5,4
11,00;5,8
11,00;6,9
11,00;7
11,00;6,5
11,00;7,1
9,00;5,2
9,00;5,2
9,00;5,2
9,00;4,8
9,00;4,5
9,00;5,6
9,00;5,2
9,00;5,2
9,00;4,9
9,00;5,7
9,00;4,7
9,00;4,6
9,00;7,3
9,00;7,2
9,00;7,2
9,00;5,8
9,00;6,1
9,00;5
9,00;5,9
9,00;6,5
9,00;7,4
9,00;5,5
9,00;5,6
9,00;6,3
9,00;5,8
9,00;4,8
9,00;5,3
9,00;7,1
9,00;4,5
9,00;8,5
9,00;5,6
9,00;5,6
9,00;4,8
9,00;5
9,00;4,6
9,00;5,8
9,00;5,1
9,00;5,1
9,00;5,7
9,00;4,5
9,00;5,8
9,00;7,4
11,00;6,5
11,00;5,5
11,00;6,3
11,00;5
11,00;6,9
11,00;5,9
11,00;5,8
11,00;7,7
11,00;7,2
11,00;5,6
11,00;7,4
11,00;5,8
11,00;5
11,00;5
11,00;8,4
11,00;6,5
11,00;7,3
11,00;6,5
11,00;6,7
11,00;6,1
11,00;7,5
11,00;6,5
11,00;6,1
11,00;5
11,00;6,2
11,00;8
11,00;6,2
11,00;5,3
11,00;6
11,00;6,8
11,00;6,7
11,00;5,7
11,00;6,5
11,00;10,1
11,00;6,8
11,00;6,5
11,00;4,9
11,00;7,5
11,00;5
11,00;6
11,00;6,7
11,00;5,8
11,00;8
11,00;5
11,00;7,4
11,00;6
11,00;6
11,00;5,5
11,00;8,2
11,00;6,6
11,00;5,9
11,00;7,7
11,00;4,6
11,00;4,8
11,00;5,5
9,00;6,4
9,00;7,3
9,00;7
9,00;5,2
9,00;6,4
9,00;5,3
9,00;5,8
9,00;5,1
9,00;8,1
9,00;5
9,00;5,8
9,00;10,7
4,00;22
8,00;10,2
2,00;4,2
7,00;22,1
7,00;8,4
8,00;13,4
6,00;6,4
8,00;16,1
6,00;17,8
6,00;7
6,00;6,1
8,00;8,8
7,00;3,8
6,00;4,1
9,00;10,9
6,00;10,5
2,00;4,1
2,00;10,2
2,00;8,5
6,00;4,2
3,00;4,6
6,5;7,1
7,00;7,5
5,00;9,7
9,00;6
2,00;6,1
8,00;16,8
5,00;7,2
9,00;4,6
4,00;3,6
8,00;3,3
9,00;7,1
9,00;7,5
9,00;9,3
9,00;5,3
9,00;4,9
9,00;4
9,00;5,2
9,00;6,2
9,00;4,9
9,00;4
10,00;6
8,00;5,1
9,00;5,2
9,00;9,1
8,00;5
9,00;3,3
9,00;9,1
9,00;7,9
9,00;5,5
9,00;7,2
9,00;8,8
9,00;6
9,00;5,6
9,00;6
9,00;5,8
10,00;9,6
9,00;7,7
9,00;7,4
9,00;6,2
10,00;4,3
9,00;5,1
9,00;4,3
10,00;5,7
9,00;4,4
10,00;5,5
7,00;3,3
4,00;4,8
3,00;4,7
10,00;7,4
10,00;9
8,00;4,3
5,00;4,5
8,00;6
8,00;8
9,00;8,5
9,00;2,8
9,00;8
9,00;4,3
1,00;3,2
10,00;5,1
7,00;5,3
1,00;3,3
1,5;3,4
2,00;2,8
6,00;3,2
6,00;2,9
6,00;4,1
6,00;3,6
5,00;4,2
0,1;4,2
10,00;2,8
10,00;3
6,00;4,3
9,00;3,4
12,00;4,1
12,00;3
12,00;7
12,00;6,7
12,00;7
12,00;4,5
10,00;6,3
12,00;6
12,00;4,7
12,00;6,4
12,00;5,5
10,00;7,5
10,00;3,3
8,00;4,6
12,00;5,7
5,00;11
12,00;12,1
12,00;9
11,00;6
10,00;5,2
12,00;8,5
11,00;5,4
10,00;4,2
11,00;9
10,00;6,6
9,00;3,4
10,00;4,2
5,2;7,5
6,1;10,4
5,7;8,3
12,00;7,2
12,00;10,15
8,00;6,1
12,00;7,3
12,00;6,9
13,00;10,1
13,00;8,5
14,00;10,6
10,00;6,5
10,00;7,2
8,00;4
10,00;7,8
11,00;7,05
6,00;2,9
12,00;7,83
8,00;6,7
8,00;5,5
7,00;4,5
6,00;3,05
12,00;7,53
12,00;6,4
10,00;6
12,00;7,1
6,00;2,65
7,00;4,55
10,00;4,7
12,00;7,55
12,00;6,52
11,00;6,6
11,00;7,5
11,00;5,1
10,00;6,3
10,00;6,3
10,00;8,5
12,00;9,48
12,00;9,5
12,00;7,7
11,00;5
10,00;10,1
12,00;6,85
11,00;8,15
10,00;4,5
13,00;8,9
13,00;4,7
13,00;7,8
11,00;5,5
13,00;8,6
10,00;9,4
10,00;6,2
11,00;5,6
10,00;5,2
13,00;7,5
12,00;8
8,00;4
10,00;8,7
11,00;6,7
10,00;7,1
10,00;6,4
8,00;5,8
15,00;12,7
12,00;8,5
12,00;8
14,00;8,9
13,00;10,7
4,7;8,5
6,27;8,8
3,00;5,8
5,21;4,1
9,00;6
10,00;8
9,00;7,1
9,00;6,5
10,00;6,8
8,00;7,2
12,00;8,9
10,00;7
6,00;4
9,00;7,1
8,00;4
12,00;11,1
12,00;10,1
10,00;8,8
6,00;3,4
2,00;6,6
6,00;2,9
6,00;4
10,00;7,5
6,00;2,7
11,00;10,6
6,00;6,2
6,00;5
10,00;9,1
11,00;14
10,00;9,7
6,00;3,1
6,00;3,8
10,00;8,6
10,00;8,2
12,00;10,1
11,00;9,1
7,00;3
10,00;7,1
10,00;8,1
12,00;14,8
11,00;13,4
9,00;6
9,00;6,5
9,00;7,3
10,00;7,4
6,00;3,1
5,00;3,3
12,00;18,3
12,00;14,1
6,00;11
4,00;8,6
4,00;11,6
12,00;13
8,00;7,6
10,00;11,1
8,00;4,9
10,00;6,1
10,00;5,5
10,00;13
11,00;13,5
11,00;10,1
11,00;11,6
10,00;13,1
5,00;6
8,00;5,8
7,00;5
10,00;12,2
12,00;12
8,00;4
5,00;8,7
12,00;8,2
11,00;7,6
10,00;6,4
12,00;8,3
10,00;8,6
10,00;8,6
10,00;8
10,00;8,3
10,00;8,4
12,00;8,1
8,00;4,9
9,00;7,1
12,00;7
9,00;6,8
12,00;8
9,00;9
9,00;6
11,00;6,5
10,00;8
10,00;8
11,00;7,5
8,00;8,1
12,00;6,3
12,00;8
10,00;6,1
9,00;5,9
11,00;7,7
10,00;7,1
10,00;8,3
7,00;6,7
9,00;8,3
10,00;6,8
8,00;5,5
8,00;5
7,00;8,8
8,00;4
9,00;6,5
8,00;7,5
7,00;4,1
7,00;5
8,00;7,3
9,00;8,1
9,00;6,4
10,00;8,3
10,00;7,6
8,00;6
4,00;4,6
10,00;6,5
9,00;6
9,00;6,7
12,00;6,2
8,00;4,8
7,00;5,2
10,00;6,4
9,00;4,9
8,00;5,4
6,00;3
3,5;2,6
8,00;4,6
4,00;2,6
6,00;3,3
4,00;3,8
6,00;3,3
8,00;3,8
8,00;5
5,00;3,5
6,00;4,1
4,00;3,5
6,00;4
7,00;2,8
9,00;5,4
10,00;6
8,00;5,5
10,00;6,5
10,00;5,2
10,00;6,5
10,00;7,7
10,00;5,2
9,00;6,5
10,00;5,4
9,00;6,2
12,00;6,7
10,00;5,7
10,00;6,7
12,00;7,1
10,00;6,1
8,00;6
10,00;6,1
9,00;6,3
10,00;8,1
9,00;6,2
9,00;6,1
7,00;5,6
9,00;5
7,00;5
9,00;6,9
8,00;5,6
8,00;5,8
9,00;6,7
6,00;5,7
10,00;5,4
9,00;5,5
9,00;5,8
9,00;5,8
9,00;6,6
10,00;6
10,00;5,4
9,00;5
9,00;5,8
10,00;5,8
9,00;5,3
10,00;5,5
8,00;4,9
9,00;5
8,00;6,3
7,00;5
9,00;5
10,00;5,1
9,00;6
7,00;5
9,00;7,7
9,00;6
6,00;5,5
6,00;5,5
8,00;5,7
7,00;5
6,00;2,7
2,5;3,3
6,00;4,1
6,00;2,8
5,00;2,6
9,00;4,4
9,00;4,1
8,00;4,4
8,00;3,7
9,00;5,6
7,00;4,4
7,00;3,1
9,00;4,4
7,00;4,5
7,00;3,9
8,00;4,5
7,00;4,9
9,00;4,8
5,00;2,9
9,00;5
8,00;3,9
5,00;3
7,00;4,1
9,00;4,2
7,00;3,1
5,00;3,5
6,00;3
8,00;3,9
7,00;4
6,00;3
9,00;4,2
7,00;4,5
8,00;4
10,00;4,5
8,00;4,2
7,00;3,1
7,00;4,5
8,00;4,5
9,00;4,8
8,00;4,4
4,00;4
5,00;3,3
8,00;4,3
10,00;3,5
7,00;4,1
8,00;4,5
8,00;4,4
6,00;3,6
8,00;4,8
8,00;4,8
8,00;4
8,00;3
8,00;2,3
6,00;2,5
5,00;2,5
8,00;4,2
8,00;4,7
6,00;5,4
5,00;3,7
7,00;2,8
3,00;3,6
7,00;3,5
7,00;4,2
8,00;3
7,00;3
0,3;4,8
7,00;3,1
6,00;4,7
8,00;3,7
4,00;3,5
1,5;4,2
7,00;3
4,00;4,6
0,5;5
3,00;4
6,00;4,8
8,00;4,22
8,00;3,2
4,00;3,2
0,5;3,5
8,00;4,5
8,00;4,4
0,1;5
8,00;4,1
8,00;3,9
7,00;5,3
8,00;4,6
8,00;3,6
6,00;5,5
8,00;6,5
7,00;4,6
7,00;4,5
8,00;7,2
8,00;3,5
8,00;3,6
8,00;3,8
6,00;4,6
6,00;3,8
6,00;2,5
7,00;5
7,00;5,5
7,00;4,4
7,00;3
7,00;3,1
7,00;3,5
7,00;2,8
7,00;3,2
7,00;3,5
7,00;2,7
7,00;4
7,00;3,5
7,00;4,4
7,00;4,6
7,00;3,5
7,00;4,7
7,00;3,4
7,00;3,8
7,00;3,7
7,00;2,5
7,00;3,7
7,00;2,7
7,00;4,9
7,00;3,7
7,00;2,9
7,00;3,5
7,00;3,5
7,00;3,8
7,00;3,5
7,00;4,5
7,00;3,8
7,00;4,5
7,00;4,4
7,00;3,4
7,00;3,7
7,00;3,6
7,00;3,7
7,00;4
7,00;3,1
7,00;3,9
8,00;5,6
5,00;3
15,00;9,4
14,00;2,7
14,00;2,7
14,00;5
14,00;5,5
13,00;2,5
15,00;6,5
15,00;3
15,00;3,6
14,00;4
15,00;4,1
13,00;4,5
15,00;4,6
15,00;5,3
15,00;5,8
15,00;6
13,00;6
13,00;6,1
15,00;6,2
13,00;6,3
15,00;6,5
15,00;6,6
10,00;6,6
15,00;6,9
15,00;7,5
15,00;9,2
8,00;4,2
14,00;9,4
9,00;4,2
8,00;5,1
8,00;4,4
8,00;4,5
8,00;4,6
13,00;5,4
15,00;5,9
12,00;6
8,00;6,2
9,00;6,5
9,00;6,5
8,00;6,5
13,00;7,1
15,00;2,8
15,00;3
15,00;3,3
15,00;3,8
15,00;4,2
8,00;3,5
9,00;3,5
9,00;3,5
9,00;3,5
7,00;3,8
10,00;3,9
13,00;4
10,00;4
8,00;4
8,00;4
8,00;4
14,00;3,3
3,7;7,5
3,8;7,5
8,00;8,5
8,00;6
8,00;6
8,00;5,5
4,00;5
4,00;4,4
8,00;4
4,00;3,8
4,00;3,4
7,00;4,1
8,00;4,3
6,00;3,7
7,00;4
4,00;3,5
7,00;4,2
8,00;5,9
5,00;4,5
7,00;3,8
7,00;4,8
4,00;3
9,00;8
6,00;3,3
7,00;3,2
5,00;3,4
4,00;3,6
7,00;5,5
6,00;2,5
6,00;3
6,00;3,8
6,00;5,4
6,00;2,5
8,00;8,4
8,00;5,5
8,00;5,7
8,00;7,7
8,00;5,5
6,00;6,7
6,00;5,4
6,00;5,6
3,00;2,9
6,00;4,6
6,00;5,5
6,00;5,7
6,00;5,2
6,00;4,3
6,00;3
7,00;6,7
7,00;5,2
5,00;4
4,00;3,4
9,00;5,8
9,00;5
8,00;6,4
8,00;6,5
9,00;5,8
9,00;6,3
9,00;5,5
9,00;5,9
9,00;6
9,00;6,3
8,00;6,6
9,00;5,9
11,00;6,5
10,00;6,1
9,00;5,8
9,00;6,5
9,00;5,2
9,00;4,5
8,00;11,2
11,00;10
10,00;8,3
4,00;3,4
9,00;6,2
11,00;9,7
6,00;5,6
5,00;4
10,00;9,5
9,00;8,5
9,00;10,1
11,00;13
10,00;8,7
6,00;3,3
6,00;3,9
9,00;7,5
10,00;8,1
10,00;9,8
11,00;8
7,00;3,2
6,00;3
9,00;7
9,00;7,8
12,00;13,3
11,00;12,5
9,00;5,7
9,00;4,8
9,00;5,9
9,00;6,4
9,00;5
9,00;6
9,00;6,2
9,00;5,4
9,00;5,6
9,00;6,7
9,00;6,4
9,00;4,8
9,00;6,2
9,00;6,3
9,00;6,5
9,00;5,2
9,00;6,5
10,00;6,2
9,00;4,6
9,00;6,2
12,00;18,4
10,00;14
10,00;11,2
8,00;9,4
10,00;11,8
10,00;13
3,5;4,3
8,00;7,6
10,00;11
7,00;4,8
10,00;6
9,00;5,7
10,00;11,3
11,00;12,8
11,00;9,3
11,00;10,6
10,00;11,8
7,00;6,1
7,00;5,8
7,00;4,7
7,00;11,5
10,00;10,4
5,5;3,8
9,00;7,1
11,00;7,4
9,00;7,5
10,00;7,5
10,00;7,5
10,00;7,9
10,00;7,1
10,00;7
10,00;7
9,00;7
9,00;7
11,00;6,8
9,00;6,6
10,00;7,5
8,00;6,3
9,00;6
11,00;6,5
10,00;7,3
10,00;7,8
11,00;7,1
8,00;6,3
11,00;6,7
9,00;6,5
10,00;6,2
9,00;5,1
9,00;6,3
11,00;6,8
9,00;6
9,00;7,9
9,00;6,7
9,00;7,2
9,00;4,9
9,00;5,5
9,00;4,9
9,00;5,8
9,00;4,8
9,00;5,8
9,00;6,2
9,00;4,8
9,00;5,8
9,00;4,9
9,00;5,7
9,00;5,9
9,00;5,2
9,00;5,9
9,00;6,1
9,00;5,6
9,00;5,5
9,00;5,6
9,00;5,7
9,00;7,1
9,00;5,7
9,00;5,6
9,00;5,1
9,00;4,6
9,00;4,7
9,00;5,9
9,00;5,2
9,00;5,3
9,00;5,9
9,00;5,2
9,00;4,9
9,00;4,9
9,00;5,3
9,00;5,3
9,00;5,8
9,00;5,5
9,00;4,7
9,00;5,5
9,00;4,9
9,00;5
9,00;4,8
9,00;5,8
9,00;4,8
9,00;4,8
9,00;4,8
9,00;5,6
9,00;4,8
9,00;6,4
9,00;5,6
9,00;7
9,00;5,1
9,00;6,8
9,00;5,4
9,00;4,5
9,00;4,6
9,00;4,5
9,00;4,6
9,00;4,5
9,00;9,4
9,00;5,8
9,00;4,5
9,00;4,5
9,00;6,7
9,00;4,9
7,00;5,9
10,00;8,7
9,00;7,5
9,00;6,6
10,00;7,2
9,00;8,4
12,00;9,8
10,00;7,7
7,00;4,5
10,00;8,9
12,00;11,1
8,00;5,4
12,00;10,1
10,00;9,8
6,00;3,5
11,00;11,2
10,00;3,8
10,00;9,1
7,00;10,1
11,00;14,7
10,00;10,6
6,00;3,2
10,00;9,5
10,00;8,4
12,00;10,6
11,00;10
10,00;7,6
10,00;8,9
12,00;18,3
12,00;14,1
10,00;7,1
9,00;6,8
5,00;3
9,00;6,7
12,00;8
12,00;18,5
12,00;13,9
6,00;11,3
6,00;11,4
12,00;13,1
10,00;12
8,00;5,1
10,00;6,2
10,00;14,4
12,00;12,7
9,00;14,1
11,00;11
8,00;12,5
5,00;6
8,00;5,7
12,00;13,4
8,00;3
8,00;4,2
6,00;3,4
6,00;9
12,00;8,9
11,00;8,1
10,00;9,2
12,00;8,9
10,00;8,7
10,00;8,6
10,00;8,4
11,00;9
11,00;9,2
12,00;8,4
9,00;6,2
5,00;2,5
10,00;8,9
8,00;6,7
9,00;8,6
10,00;6,9
8,00;5,6
8,00;5,9
9,00;8,7
11,00;6,6
10,00;8,5
7,00;4,1
7,00;5
8,00;6,9
10,00;9,1
9,00;6,8
10,00;9,2
10,00;7,8
8,00;7
4,00;4,7
10,00;6,4
9,00;6,7
9,00;7,1
8,00;4,7
9,00;5,7
10,00;6,4
10,00;5
12,00;6,4
8,00;4
6,00;3,4
7,00;2,6
8,00;5,4
6,00;2,8
7,00;3,6
6,00;4,1
4,00;3,5
6,00;4,1
9,00;5,2
6,00;3,8
7,00;4,5
7,00;3,9
9,00;6,9
6,00;5
6,00;4,3
10,00;8,4
6,00;3,5
6,00;3,9
6,00;3,5
6,00;3,3
8,00;4
4,34;8,2
6,4;6,3
5,3;7,5
4,4;4,6
3,8;3,2
3,00;5
15,00;22,6
2,00;4,2
15,00;18,1
14,00;21,4
8,00;17,4
12,00;18,8
12,00;20
12,00;26,2
12,00;21,7
2,5;3
15,00;21,2
4,00;5,7
5,00;8,3
15,00;17,2
8,00;13,4
3,00;4,3
7,00;10,7
3,00;5
3,00;3
3,00;3,8
3,00;4,8
14,00;27
5,00;8,1
3,00;3,9
6,00;6,5
3,00;5
14,5;22,4
2,5;4,4
13,00;18,5
12,00;21,8
12,00;17,7
10,00;19,4
13,00;20,5
8,00;19,7
13,00;22,2
4,00;3
13,00;21,2
5,00;5,7
5,00;8,4
12,00;16,9
6,00;13,5
4,00;4,4
8,00;10,5
5,00;5,1
3,00;2,8
3,5;3,8
5,00;4,8
13,00;27,8
7,00;8,3
2,00;3,8
5,00;6,9
4,00;12,6
5,00;10
4,00;48
3,00;3,2
3,00;25,6
3,00;5,8
3,5;4
3,5;2,8
3,5;2,9
3,00;12,9
11,00;10
7,00;5
4,00;3,5
4,5;5,9
3,00;6
3,00;4,2
3,5;3,2
3,5;12,5
7,00;10,1
3,00;4,8
3,00;3,3
5,00;5,9
5,00;5,8
5,00;4
4,5;2,8
4,00;2,9
8,00;10,2
5,00;7,5
3,00;6,4
3,00;2,6
3,00;3,5
4,00;29,7
10,00;20
4,00;5,7
8,00;8,8
7,00;4,6
8,00;9,5
7,00;5,7
6,00;18,1
7,00;5,8
6,5;5,2
3,00;3,6
3,00;4,4
5,00;2,9
2,00;3,6
8,00;15,1
2,00;2,7
7,00;26,1
10,00;13,4
3,00;4,7
15,00;19,3
5,00;5,1
16,00;19,8
16,00;17
16,00;4
3,00;3
15,00;23
2,00;2,6
16,00;13,2
14,00;14,9
7,00;7,6
7,00;10,5
16,00;21,5
10,00;5,8
3,00;4,1
1,5;3,7
3,00;3
10,00;23,5
3,00;6,3
3,00;4,3
10,00;11,5
3,00;7
14,00;14,4
2,00;2,7
